Datei,Bild Nummer,Bild Dimensionen,Bild Tiefe,Bild Kan√§le,Datenpunkte pro Datensatz,Unterordner
N (1).png,1,"(150, 150)",8,3,67500,KGT_noDefect_simplified
N (10).png,10,"(150, 150)",8,3,67500,KGT_noDefect_simplified
N (100).png,100,"(150, 150)",8,3,67500,KGT_noDefect_simplified
N (101).png,101,"(150, 150)",8,3,67500,KGT_noDefect_simplified
N (102).png,102,"(150, 150)",8,3,67500,KGT_noDefect_simplified
N (103).png,103,"(150, 150)",8,3,67500,KGT_noDefect_simplified
N (104).png,104,"(150, 150)",8,3,67500,KGT_noDefect_simplified
N (105).png,105,"(150, 150)",8,3,67500,KGT_noDefect_simplified
N (106).png,106,"(150, 150)",8,3,67500,KGT_noDefect_simplified
N (107).png,107,"(150, 150)",8,3,67500,KGT_noDefect_simplified
N (108).png,108,"(150, 150)",8,3,67500,KGT_noDefect_simplified
N (109).png,109,"(150, 150)",8,3,67500,KGT_noDefect_simplified
N (11).png,11,"(150, 150)",8,3,67500,KGT_noDefect_simplified
N (110).png,110,"(150, 150)",8,3,67500,KGT_noDefect_simplified
N (111).png,111,"(150, 150)",8,3,67500,KGT_noDefect_simplified
N (112).png,112,"(150, 150)",8,3,67500,KGT_noDefect_simplified
N (113).png,113,"(150, 150)",8,3,67500,KGT_noDefect_simplified
N (114).png,114,"(150, 150)",8,3,67500,KGT_noDefect_simplified
N (115).png,115,"(150, 150)",8,3,67500,KGT_noDefect_simplified
N (116).png,116,"(150, 150)",8,3,67500,KGT_noDefect_simplified
N (117).png,117,"(150, 150)",8,3,67500,KGT_noDefect_simplified
N (118).png,118,"(150, 150)",8,3,67500,KGT_noDefect_simplified
N (119).png,119,"(150, 150)",8,3,67500,KGT_noDefect_simplified
N (12).png,12,"(150, 150)",8,3,67500,KGT_noDefect_simplified
N (120).png,120,"(150, 150)",8,3,67500,KGT_noDefect_simplified
N (121).png,121,"(150, 150)",8,3,67500,KGT_noDefect_simplified
N (122).png,122,"(150, 150)",8,3,67500,KGT_noDefect_simplified
N (123).png,123,"(150, 150)",8,3,67500,KGT_noDefect_simplified
N (124).png,124,"(150, 150)",8,3,67500,KGT_noDefect_simplified
N (125).png,125,"(150, 150)",8,3,67500,KGT_noDefect_simplified
N (126).png,126,"(150, 150)",8,3,67500,KGT_noDefect_simplified
N (127).png,127,"(150, 150)",8,3,67500,KGT_noDefect_simplified
N (128).png,128,"(150, 150)",8,3,67500,KGT_noDefect_simplified
N (129).png,129,"(150, 150)",8,3,67500,KGT_noDefect_simplified
N (130).png,130,"(150, 150)",8,3,67500,KGT_noDefect_simplified
N (131).png,131,"(150, 150)",8,3,67500,KGT_noDefect_simplified
N (132).png,132,"(150, 150)",8,3,67500,KGT_noDefect_simplified
N (133).png,133,"(150, 150)",8,3,67500,KGT_noDefect_simplified
N (134).png,134,"(150, 150)",8,3,67500,KGT_noDefect_simplified
N (135).png,135,"(150, 150)",8,3,67500,KGT_noDefect_simplified
N (136).png,136,"(150, 150)",8,3,67500,KGT_noDefect_simplified
N (137).png,137,"(150, 150)",8,3,67500,KGT_noDefect_simplified
N (138).png,138,"(150, 150)",8,3,67500,KGT_noDefect_simplified
N (139).png,139,"(150, 150)",8,3,67500,KGT_noDefect_simplified
N (140).png,140,"(150, 150)",8,3,67500,KGT_noDefect_simplified
N (141).png,141,"(150, 150)",8,3,67500,KGT_noDefect_simplified
N (142).png,142,"(150, 150)",8,3,67500,KGT_noDefect_simplified
N (143).png,143,"(150, 150)",8,3,67500,KGT_noDefect_simplified
N (144).png,144,"(150, 150)",8,3,67500,KGT_noDefect_simplified
N (145).png,145,"(150, 150)",8,3,67500,KGT_noDefect_simplified
N (146).png,146,"(150, 150)",8,3,67500,KGT_noDefect_simplified
N (147).png,147,"(150, 150)",8,3,67500,KGT_noDefect_simplified
N (148).png,148,"(150, 150)",8,3,67500,KGT_noDefect_simplified
N (149).png,149,"(150, 150)",8,3,67500,KGT_noDefect_simplified
N (150).png,150,"(150, 150)",8,3,67500,KGT_noDefect_simplified
N (151).png,151,"(150, 150)",8,3,67500,KGT_noDefect_simplified
N (152).png,152,"(150, 150)",8,3,67500,KGT_noDefect_simplified
N (153).png,153,"(150, 150)",8,3,67500,KGT_noDefect_simplified
N (154).png,154,"(150, 150)",8,3,67500,KGT_noDefect_simplified
N (155).png,155,"(150, 150)",8,3,67500,KGT_noDefect_simplified
N (156).png,156,"(150, 150)",8,3,67500,KGT_noDefect_simplified
N (157).png,157,"(150, 150)",8,3,67500,KGT_noDefect_simplified
N (158).png,158,"(150, 150)",8,3,67500,KGT_noDefect_simplified
N (159).png,159,"(150, 150)",8,3,67500,KGT_noDefect_simplified
N (16).png,16,"(150, 150)",8,3,67500,KGT_noDefect_simplified
N (160).png,160,"(150, 150)",8,3,67500,KGT_noDefect_simplified
N (161).png,161,"(150, 150)",8,3,67500,KGT_noDefect_simplified
N (162).png,162,"(150, 150)",8,3,67500,KGT_noDefect_simplified
N (163).png,163,"(150, 150)",8,3,67500,KGT_noDefect_simplified
N (164).png,164,"(150, 150)",8,3,67500,KGT_noDefect_simplified
N (165).png,165,"(150, 150)",8,3,67500,KGT_noDefect_simplified
N (166).png,166,"(150, 150)",8,3,67500,KGT_noDefect_simplified
N (167).png,167,"(150, 150)",8,3,67500,KGT_noDefect_simplified
N (168).png,168,"(150, 150)",8,3,67500,KGT_noDefect_simplified
N (169).png,169,"(150, 150)",8,3,67500,KGT_noDefect_simplified
N (17).png,17,"(150, 150)",8,3,67500,KGT_noDefect_simplified
N (170).png,170,"(150, 150)",8,3,67500,KGT_noDefect_simplified
N (171).png,171,"(150, 150)",8,3,67500,KGT_noDefect_simplified
N (172).png,172,"(150, 150)",8,3,67500,KGT_noDefect_simplified
N (173).png,173,"(150, 150)",8,3,67500,KGT_noDefect_simplified
N (174).png,174,"(150, 150)",8,3,67500,KGT_noDefect_simplified
N (175).png,175,"(150, 150)",8,3,67500,KGT_noDefect_simplified
N (176).png,176,"(150, 150)",8,3,67500,KGT_noDefect_simplified
N (177).png,177,"(150, 150)",8,3,67500,KGT_noDefect_simplified
N (178).png,178,"(150, 150)",8,3,67500,KGT_noDefect_simplified
N (179).png,179,"(150, 150)",8,3,67500,KGT_noDefect_simplified
N (180).png,180,"(150, 150)",8,3,67500,KGT_noDefect_simplified
N (181).png,181,"(150, 150)",8,3,67500,KGT_noDefect_simplified
N (182).png,182,"(150, 150)",8,3,67500,KGT_noDefect_simplified
N (183).png,183,"(150, 150)",8,3,67500,KGT_noDefect_simplified
N (184).png,184,"(150, 150)",8,3,67500,KGT_noDefect_simplified
N (185).png,185,"(150, 150)",8,3,67500,KGT_noDefect_simplified
N (186).png,186,"(150, 150)",8,3,67500,KGT_noDefect_simplified
N (187).png,187,"(150, 150)",8,3,67500,KGT_noDefect_simplified
N (188).png,188,"(150, 150)",8,3,67500,KGT_noDefect_simplified
N (189).png,189,"(150, 150)",8,3,67500,KGT_noDefect_simplified
N (19).png,19,"(150, 150)",8,3,67500,KGT_noDefect_simplified
N (190).png,190,"(150, 150)",8,3,67500,KGT_noDefect_simplified
N (191).png,191,"(150, 150)",8,3,67500,KGT_noDefect_simplified
N (192).png,192,"(150, 150)",8,3,67500,KGT_noDefect_simplified
N (193).png,193,"(150, 150)",8,3,67500,KGT_noDefect_simplified
N (194).png,194,"(150, 150)",8,3,67500,KGT_noDefect_simplified
N (195).png,195,"(150, 150)",8,3,67500,KGT_noDefect_simplified
N (196).png,196,"(150, 150)",8,3,67500,KGT_noDefect_simplified
N (197).png,197,"(150, 150)",8,3,67500,KGT_noDefect_simplified
N (198).png,198,"(150, 150)",8,3,67500,KGT_noDefect_simplified
N (199).png,199,"(150, 150)",8,3,67500,KGT_noDefect_simplified
N (2).png,2,"(150, 150)",8,3,67500,KGT_noDefect_simplified
N (20).png,20,"(150, 150)",8,3,67500,KGT_noDefect_simplified
N (200).png,200,"(150, 150)",8,3,67500,KGT_noDefect_simplified
N (201).png,201,"(150, 150)",8,3,67500,KGT_noDefect_simplified
N (202).png,202,"(150, 150)",8,3,67500,KGT_noDefect_simplified
N (203).png,203,"(150, 150)",8,3,67500,KGT_noDefect_simplified
N (204).png,204,"(150, 150)",8,3,67500,KGT_noDefect_simplified
N (205).png,205,"(150, 150)",8,3,67500,KGT_noDefect_simplified
N (206).png,206,"(150, 150)",8,3,67500,KGT_noDefect_simplified
N (207).png,207,"(150, 150)",8,3,67500,KGT_noDefect_simplified
N (208).png,208,"(150, 150)",8,3,67500,KGT_noDefect_simplified
N (209).png,209,"(150, 150)",8,3,67500,KGT_noDefect_simplified
N (21).png,21,"(150, 150)",8,3,67500,KGT_noDefect_simplified
N (210).png,210,"(150, 150)",8,3,67500,KGT_noDefect_simplified
N (211).png,211,"(150, 150)",8,3,67500,KGT_noDefect_simplified
N (212).png,212,"(150, 150)",8,3,67500,KGT_noDefect_simplified
N (213).png,213,"(150, 150)",8,3,67500,KGT_noDefect_simplified
N (214).png,214,"(150, 150)",8,3,67500,KGT_noDefect_simplified
N (215).png,215,"(150, 150)",8,3,67500,KGT_noDefect_simplified
N (216).png,216,"(150, 150)",8,3,67500,KGT_noDefect_simplified
N (217).png,217,"(150, 150)",8,3,67500,KGT_noDefect_simplified
N (218).png,218,"(150, 150)",8,3,67500,KGT_noDefect_simplified
N (219).png,219,"(150, 150)",8,3,67500,KGT_noDefect_simplified
N (220).png,220,"(150, 150)",8,3,67500,KGT_noDefect_simplified
N (221).png,221,"(150, 150)",8,3,67500,KGT_noDefect_simplified
N (222).png,222,"(150, 150)",8,3,67500,KGT_noDefect_simplified
N (223).png,223,"(150, 150)",8,3,67500,KGT_noDefect_simplified
N (224).png,224,"(150, 150)",8,3,67500,KGT_noDefect_simplified
N (225).png,225,"(150, 150)",8,3,67500,KGT_noDefect_simplified
N (226).png,226,"(150, 150)",8,3,67500,KGT_noDefect_simplified
N (227).png,227,"(150, 150)",8,3,67500,KGT_noDefect_simplified
N (228).png,228,"(150, 150)",8,3,67500,KGT_noDefect_simplified
N (229).png,229,"(150, 150)",8,3,67500,KGT_noDefect_simplified
N (23).png,23,"(150, 150)",8,3,67500,KGT_noDefect_simplified
N (230).png,230,"(150, 150)",8,3,67500,KGT_noDefect_simplified
N (231).png,231,"(150, 150)",8,3,67500,KGT_noDefect_simplified
N (232).png,232,"(150, 150)",8,3,67500,KGT_noDefect_simplified
N (233).png,233,"(150, 150)",8,3,67500,KGT_noDefect_simplified
N (234).png,234,"(150, 150)",8,3,67500,KGT_noDefect_simplified
N (235).png,235,"(150, 150)",8,3,67500,KGT_noDefect_simplified
N (236).png,236,"(150, 150)",8,3,67500,KGT_noDefect_simplified
N (237).png,237,"(150, 150)",8,3,67500,KGT_noDefect_simplified
N (238).png,238,"(150, 150)",8,3,67500,KGT_noDefect_simplified
N (239).png,239,"(150, 150)",8,3,67500,KGT_noDefect_simplified
N (24).png,24,"(150, 150)",8,3,67500,KGT_noDefect_simplified
N (240).png,240,"(150, 150)",8,3,67500,KGT_noDefect_simplified
N (241).png,241,"(150, 150)",8,3,67500,KGT_noDefect_simplified
N (242).png,242,"(150, 150)",8,3,67500,KGT_noDefect_simplified
N (243).png,243,"(150, 150)",8,3,67500,KGT_noDefect_simplified
N (244).png,244,"(150, 150)",8,3,67500,KGT_noDefect_simplified
N (245).png,245,"(150, 150)",8,3,67500,KGT_noDefect_simplified
N (246).png,246,"(150, 150)",8,3,67500,KGT_noDefect_simplified
N (247).png,247,"(150, 150)",8,3,67500,KGT_noDefect_simplified
N (248).png,248,"(150, 150)",8,3,67500,KGT_noDefect_simplified
N (249).png,249,"(150, 150)",8,3,67500,KGT_noDefect_simplified
N (25).png,25,"(150, 150)",8,3,67500,KGT_noDefect_simplified
N (250).png,250,"(150, 150)",8,3,67500,KGT_noDefect_simplified
N (251).png,251,"(150, 150)",8,3,67500,KGT_noDefect_simplified
N (252).png,252,"(150, 150)",8,3,67500,KGT_noDefect_simplified
N (253).png,253,"(150, 150)",8,3,67500,KGT_noDefect_simplified
N (254).png,254,"(150, 150)",8,3,67500,KGT_noDefect_simplified
N (255).png,255,"(150, 150)",8,3,67500,KGT_noDefect_simplified
N (256).png,256,"(150, 150)",8,3,67500,KGT_noDefect_simplified
N (257).png,257,"(150, 150)",8,3,67500,KGT_noDefect_simplified
N (258).png,258,"(150, 150)",8,3,67500,KGT_noDefect_simplified
N (259).png,259,"(150, 150)",8,3,67500,KGT_noDefect_simplified
N (260).png,260,"(150, 150)",8,3,67500,KGT_noDefect_simplified
N (261).png,261,"(150, 150)",8,3,67500,KGT_noDefect_simplified
N (262).png,262,"(150, 150)",8,3,67500,KGT_noDefect_simplified
N (263).png,263,"(150, 150)",8,3,67500,KGT_noDefect_simplified
N (264).png,264,"(150, 150)",8,3,67500,KGT_noDefect_simplified
N (265).png,265,"(150, 150)",8,3,67500,KGT_noDefect_simplified
N (266).png,266,"(150, 150)",8,3,67500,KGT_noDefect_simplified
N (267).png,267,"(150, 150)",8,3,67500,KGT_noDefect_simplified
N (268).png,268,"(150, 150)",8,3,67500,KGT_noDefect_simplified
N (269).png,269,"(150, 150)",8,3,67500,KGT_noDefect_simplified
N (270).png,270,"(150, 150)",8,3,67500,KGT_noDefect_simplified
N (271).png,271,"(150, 150)",8,3,67500,KGT_noDefect_simplified
N (272).png,272,"(150, 150)",8,3,67500,KGT_noDefect_simplified
N (273).png,273,"(150, 150)",8,3,67500,KGT_noDefect_simplified
N (274).png,274,"(150, 150)",8,3,67500,KGT_noDefect_simplified
N (275).png,275,"(150, 150)",8,3,67500,KGT_noDefect_simplified
N (276).png,276,"(150, 150)",8,3,67500,KGT_noDefect_simplified
N (277).png,277,"(150, 150)",8,3,67500,KGT_noDefect_simplified
N (278).png,278,"(150, 150)",8,3,67500,KGT_noDefect_simplified
N (279).png,279,"(150, 150)",8,3,67500,KGT_noDefect_simplified
N (280).png,280,"(150, 150)",8,3,67500,KGT_noDefect_simplified
N (281).png,281,"(150, 150)",8,3,67500,KGT_noDefect_simplified
N (282).png,282,"(150, 150)",8,3,67500,KGT_noDefect_simplified
N (283).png,283,"(150, 150)",8,3,67500,KGT_noDefect_simplified
N (284).png,284,"(150, 150)",8,3,67500,KGT_noDefect_simplified
N (285).png,285,"(150, 150)",8,3,67500,KGT_noDefect_simplified
N (286).png,286,"(150, 150)",8,3,67500,KGT_noDefect_simplified
N (287).png,287,"(150, 150)",8,3,67500,KGT_noDefect_simplified
N (288).png,288,"(150, 150)",8,3,67500,KGT_noDefect_simplified
N (289).png,289,"(150, 150)",8,3,67500,KGT_noDefect_simplified
N (29).png,29,"(150, 150)",8,3,67500,KGT_noDefect_simplified
N (290).png,290,"(150, 150)",8,3,67500,KGT_noDefect_simplified
N (291).png,291,"(150, 150)",8,3,67500,KGT_noDefect_simplified
N (292).png,292,"(150, 150)",8,3,67500,KGT_noDefect_simplified
N (293).png,293,"(150, 150)",8,3,67500,KGT_noDefect_simplified
N (294).png,294,"(150, 150)",8,3,67500,KGT_noDefect_simplified
N (295).png,295,"(150, 150)",8,3,67500,KGT_noDefect_simplified
N (296).png,296,"(150, 150)",8,3,67500,KGT_noDefect_simplified
N (297).png,297,"(150, 150)",8,3,67500,KGT_noDefect_simplified
N (298).png,298,"(150, 150)",8,3,67500,KGT_noDefect_simplified
N (299).png,299,"(150, 150)",8,3,67500,KGT_noDefect_simplified
N (30).png,30,"(150, 150)",8,3,67500,KGT_noDefect_simplified
N (300).png,300,"(150, 150)",8,3,67500,KGT_noDefect_simplified
N (301).png,301,"(150, 150)",8,3,67500,KGT_noDefect_simplified
N (302).png,302,"(150, 150)",8,3,67500,KGT_noDefect_simplified
N (303).png,303,"(150, 150)",8,3,67500,KGT_noDefect_simplified
N (304).png,304,"(150, 150)",8,3,67500,KGT_noDefect_simplified
N (305).png,305,"(150, 150)",8,3,67500,KGT_noDefect_simplified
N (306).png,306,"(150, 150)",8,3,67500,KGT_noDefect_simplified
N (307).png,307,"(150, 150)",8,3,67500,KGT_noDefect_simplified
N (308).png,308,"(150, 150)",8,3,67500,KGT_noDefect_simplified
N (309).png,309,"(150, 150)",8,3,67500,KGT_noDefect_simplified
N (310).png,310,"(150, 150)",8,3,67500,KGT_noDefect_simplified
N (311).png,311,"(150, 150)",8,3,67500,KGT_noDefect_simplified
N (312).png,312,"(150, 150)",8,3,67500,KGT_noDefect_simplified
N (313).png,313,"(150, 150)",8,3,67500,KGT_noDefect_simplified
N (314).png,314,"(150, 150)",8,3,67500,KGT_noDefect_simplified
N (315).png,315,"(150, 150)",8,3,67500,KGT_noDefect_simplified
N (316).png,316,"(150, 150)",8,3,67500,KGT_noDefect_simplified
N (317).png,317,"(150, 150)",8,3,67500,KGT_noDefect_simplified
N (318).png,318,"(150, 150)",8,3,67500,KGT_noDefect_simplified
N (319).png,319,"(150, 150)",8,3,67500,KGT_noDefect_simplified
N (32).png,32,"(150, 150)",8,3,67500,KGT_noDefect_simplified
N (320).png,320,"(150, 150)",8,3,67500,KGT_noDefect_simplified
N (321).png,321,"(150, 150)",8,3,67500,KGT_noDefect_simplified
N (322).png,322,"(150, 150)",8,3,67500,KGT_noDefect_simplified
N (323).png,323,"(150, 150)",8,3,67500,KGT_noDefect_simplified
N (324).png,324,"(150, 150)",8,3,67500,KGT_noDefect_simplified
N (325).png,325,"(150, 150)",8,3,67500,KGT_noDefect_simplified
N (326).png,326,"(150, 150)",8,3,67500,KGT_noDefect_simplified
N (327).png,327,"(150, 150)",8,3,67500,KGT_noDefect_simplified
N (328).png,328,"(150, 150)",8,3,67500,KGT_noDefect_simplified
N (329).png,329,"(150, 150)",8,3,67500,KGT_noDefect_simplified
N (330).png,330,"(150, 150)",8,3,67500,KGT_noDefect_simplified
N (331).png,331,"(150, 150)",8,3,67500,KGT_noDefect_simplified
N (332).png,332,"(150, 150)",8,3,67500,KGT_noDefect_simplified
N (333).png,333,"(150, 150)",8,3,67500,KGT_noDefect_simplified
N (334).png,334,"(150, 150)",8,3,67500,KGT_noDefect_simplified
N (335).png,335,"(150, 150)",8,3,67500,KGT_noDefect_simplified
N (336).png,336,"(150, 150)",8,3,67500,KGT_noDefect_simplified
N (337).png,337,"(150, 150)",8,3,67500,KGT_noDefect_simplified
N (338).png,338,"(150, 150)",8,3,67500,KGT_noDefect_simplified
N (339).png,339,"(150, 150)",8,3,67500,KGT_noDefect_simplified
N (34).png,34,"(150, 150)",8,3,67500,KGT_noDefect_simplified
N (340).png,340,"(150, 150)",8,3,67500,KGT_noDefect_simplified
N (341).png,341,"(150, 150)",8,3,67500,KGT_noDefect_simplified
N (342).png,342,"(150, 150)",8,3,67500,KGT_noDefect_simplified
N (343).png,343,"(150, 150)",8,3,67500,KGT_noDefect_simplified
N (344).png,344,"(150, 150)",8,3,67500,KGT_noDefect_simplified
N (345).png,345,"(150, 150)",8,3,67500,KGT_noDefect_simplified
N (346).png,346,"(150, 150)",8,3,67500,KGT_noDefect_simplified
N (347).png,347,"(150, 150)",8,3,67500,KGT_noDefect_simplified
N (348).png,348,"(150, 150)",8,3,67500,KGT_noDefect_simplified
N (349).png,349,"(150, 150)",8,3,67500,KGT_noDefect_simplified
N (35).png,35,"(150, 150)",8,3,67500,KGT_noDefect_simplified
N (350).png,350,"(150, 150)",8,3,67500,KGT_noDefect_simplified
N (351).png,351,"(150, 150)",8,3,67500,KGT_noDefect_simplified
N (352).png,352,"(150, 150)",8,3,67500,KGT_noDefect_simplified
N (353).png,353,"(150, 150)",8,3,67500,KGT_noDefect_simplified
N (354).png,354,"(150, 150)",8,3,67500,KGT_noDefect_simplified
N (355).png,355,"(150, 150)",8,3,67500,KGT_noDefect_simplified
N (356).png,356,"(150, 150)",8,3,67500,KGT_noDefect_simplified
N (39).png,39,"(150, 150)",8,3,67500,KGT_noDefect_simplified
N (40).png,40,"(150, 150)",8,3,67500,KGT_noDefect_simplified
N (416).png,416,"(150, 150)",8,3,67500,KGT_noDefect_simplified
N (417).png,417,"(150, 150)",8,3,67500,KGT_noDefect_simplified
N (418).png,418,"(150, 150)",8,3,67500,KGT_noDefect_simplified
N (419).png,419,"(150, 150)",8,3,67500,KGT_noDefect_simplified
N (42).png,42,"(150, 150)",8,3,67500,KGT_noDefect_simplified
N (420).png,420,"(150, 150)",8,3,67500,KGT_noDefect_simplified
N (421).png,421,"(150, 150)",8,3,67500,KGT_noDefect_simplified
N (422).png,422,"(150, 150)",8,3,67500,KGT_noDefect_simplified
N (423).png,423,"(150, 150)",8,3,67500,KGT_noDefect_simplified
N (424).png,424,"(150, 150)",8,3,67500,KGT_noDefect_simplified
N (425).png,425,"(150, 150)",8,3,67500,KGT_noDefect_simplified
N (426).png,426,"(150, 150)",8,3,67500,KGT_noDefect_simplified
N (427).png,427,"(150, 150)",8,3,67500,KGT_noDefect_simplified
N (428).png,428,"(150, 150)",8,3,67500,KGT_noDefect_simplified
N (429).png,429,"(150, 150)",8,3,67500,KGT_noDefect_simplified
N (430).png,430,"(150, 150)",8,3,67500,KGT_noDefect_simplified
N (431).png,431,"(150, 150)",8,3,67500,KGT_noDefect_simplified
N (432).png,432,"(150, 150)",8,3,67500,KGT_noDefect_simplified
N (433).png,433,"(150, 150)",8,3,67500,KGT_noDefect_simplified
N (434).png,434,"(150, 150)",8,3,67500,KGT_noDefect_simplified
N (435).png,435,"(150, 150)",8,3,67500,KGT_noDefect_simplified
N (436).png,436,"(150, 150)",8,3,67500,KGT_noDefect_simplified
N (437).png,437,"(150, 150)",8,3,67500,KGT_noDefect_simplified
N (438).png,438,"(150, 150)",8,3,67500,KGT_noDefect_simplified
N (439).png,439,"(150, 150)",8,3,67500,KGT_noDefect_simplified
N (44).png,44,"(150, 150)",8,3,67500,KGT_noDefect_simplified
N (440).png,440,"(150, 150)",8,3,67500,KGT_noDefect_simplified
N (441).png,441,"(150, 150)",8,3,67500,KGT_noDefect_simplified
N (442).png,442,"(150, 150)",8,3,67500,KGT_noDefect_simplified
N (443).png,443,"(150, 150)",8,3,67500,KGT_noDefect_simplified
N (444).png,444,"(150, 150)",8,3,67500,KGT_noDefect_simplified
N (445).png,445,"(150, 150)",8,3,67500,KGT_noDefect_simplified
N (446).png,446,"(150, 150)",8,3,67500,KGT_noDefect_simplified
N (447).png,447,"(150, 150)",8,3,67500,KGT_noDefect_simplified
N (448).png,448,"(150, 150)",8,3,67500,KGT_noDefect_simplified
N (449).png,449,"(150, 150)",8,3,67500,KGT_noDefect_simplified
N (45).png,45,"(150, 150)",8,3,67500,KGT_noDefect_simplified
N (450).png,450,"(150, 150)",8,3,67500,KGT_noDefect_simplified
N (451).png,451,"(150, 150)",8,3,67500,KGT_noDefect_simplified
N (452).png,452,"(150, 150)",8,3,67500,KGT_noDefect_simplified
N (453).png,453,"(150, 150)",8,3,67500,KGT_noDefect_simplified
N (454).png,454,"(150, 150)",8,3,67500,KGT_noDefect_simplified
N (455).png,455,"(150, 150)",8,3,67500,KGT_noDefect_simplified
N (457).png,457,"(150, 150)",8,3,67500,KGT_noDefect_simplified
N (458).png,458,"(150, 150)",8,3,67500,KGT_noDefect_simplified
N (459).png,459,"(150, 150)",8,3,67500,KGT_noDefect_simplified
N (46).png,46,"(150, 150)",8,3,67500,KGT_noDefect_simplified
N (460).png,460,"(150, 150)",8,3,67500,KGT_noDefect_simplified
N (461).png,461,"(150, 150)",8,3,67500,KGT_noDefect_simplified
N (462).png,462,"(150, 150)",8,3,67500,KGT_noDefect_simplified
N (463).png,463,"(150, 150)",8,3,67500,KGT_noDefect_simplified
N (464).png,464,"(150, 150)",8,3,67500,KGT_noDefect_simplified
N (465).png,465,"(150, 150)",8,3,67500,KGT_noDefect_simplified
N (466).png,466,"(150, 150)",8,3,67500,KGT_noDefect_simplified
N (467).png,467,"(150, 150)",8,3,67500,KGT_noDefect_simplified
N (468).png,468,"(150, 150)",8,3,67500,KGT_noDefect_simplified
N (469).png,469,"(150, 150)",8,3,67500,KGT_noDefect_simplified
N (470).png,470,"(150, 150)",8,3,67500,KGT_noDefect_simplified
N (471).png,471,"(150, 150)",8,3,67500,KGT_noDefect_simplified
N (472).png,472,"(150, 150)",8,3,67500,KGT_noDefect_simplified
N (473).png,473,"(150, 150)",8,3,67500,KGT_noDefect_simplified
N (476).png,476,"(150, 150)",8,3,67500,KGT_noDefect_simplified
N (477).png,477,"(150, 150)",8,3,67500,KGT_noDefect_simplified
N (478).png,478,"(150, 150)",8,3,67500,KGT_noDefect_simplified
N (479).png,479,"(150, 150)",8,3,67500,KGT_noDefect_simplified
N (48).png,48,"(150, 150)",8,3,67500,KGT_noDefect_simplified
N (480).png,480,"(150, 150)",8,3,67500,KGT_noDefect_simplified
N (481).png,481,"(150, 150)",8,3,67500,KGT_noDefect_simplified
N (482).png,482,"(150, 150)",8,3,67500,KGT_noDefect_simplified
N (483).png,483,"(150, 150)",8,3,67500,KGT_noDefect_simplified
N (484).png,484,"(150, 150)",8,3,67500,KGT_noDefect_simplified
N (485).png,485,"(150, 150)",8,3,67500,KGT_noDefect_simplified
N (486).png,486,"(150, 150)",8,3,67500,KGT_noDefect_simplified
N (487).png,487,"(150, 150)",8,3,67500,KGT_noDefect_simplified
N (488).png,488,"(150, 150)",8,3,67500,KGT_noDefect_simplified
N (489).png,489,"(150, 150)",8,3,67500,KGT_noDefect_simplified
N (49).png,49,"(150, 150)",8,3,67500,KGT_noDefect_simplified
N (490).png,490,"(150, 150)",8,3,67500,KGT_noDefect_simplified
N (491).png,491,"(150, 150)",8,3,67500,KGT_noDefect_simplified
N (492).png,492,"(150, 150)",8,3,67500,KGT_noDefect_simplified
N (493).png,493,"(150, 150)",8,3,67500,KGT_noDefect_simplified
N (494).png,494,"(150, 150)",8,3,67500,KGT_noDefect_simplified
N (495).png,495,"(150, 150)",8,3,67500,KGT_noDefect_simplified
N (496).png,496,"(150, 150)",8,3,67500,KGT_noDefect_simplified
N (497).png,497,"(150, 150)",8,3,67500,KGT_noDefect_simplified
N (498).png,498,"(150, 150)",8,3,67500,KGT_noDefect_simplified
N (499).png,499,"(150, 150)",8,3,67500,KGT_noDefect_simplified
N (5).png,5,"(150, 150)",8,3,67500,KGT_noDefect_simplified
N (500).png,500,"(150, 150)",8,3,67500,KGT_noDefect_simplified
N (501).png,501,"(150, 150)",8,3,67500,KGT_noDefect_simplified
N (502).png,502,"(150, 150)",8,3,67500,KGT_noDefect_simplified
N (503).png,503,"(150, 150)",8,3,67500,KGT_noDefect_simplified
N (504).png,504,"(150, 150)",8,3,67500,KGT_noDefect_simplified
N (505).png,505,"(150, 150)",8,3,67500,KGT_noDefect_simplified
N (506).png,506,"(150, 150)",8,3,67500,KGT_noDefect_simplified
N (507).png,507,"(150, 150)",8,3,67500,KGT_noDefect_simplified
N (508).png,508,"(150, 150)",8,3,67500,KGT_noDefect_simplified
N (509).png,509,"(150, 150)",8,3,67500,KGT_noDefect_simplified
N (51).png,51,"(150, 150)",8,3,67500,KGT_noDefect_simplified
N (510).png,510,"(150, 150)",8,3,67500,KGT_noDefect_simplified
N (511).png,511,"(150, 150)",8,3,67500,KGT_noDefect_simplified
N (512).png,512,"(150, 150)",8,3,67500,KGT_noDefect_simplified
N (513).png,513,"(150, 150)",8,3,67500,KGT_noDefect_simplified
N (514).png,514,"(150, 150)",8,3,67500,KGT_noDefect_simplified
N (515).png,515,"(150, 150)",8,3,67500,KGT_noDefect_simplified
N (516).png,516,"(150, 150)",8,3,67500,KGT_noDefect_simplified
N (517).png,517,"(150, 150)",8,3,67500,KGT_noDefect_simplified
N (518).png,518,"(150, 150)",8,3,67500,KGT_noDefect_simplified
N (519).png,519,"(150, 150)",8,3,67500,KGT_noDefect_simplified
N (52).png,52,"(150, 150)",8,3,67500,KGT_noDefect_simplified
N (520).png,520,"(150, 150)",8,3,67500,KGT_noDefect_simplified
N (521).png,521,"(150, 150)",8,3,67500,KGT_noDefect_simplified
N (522).png,522,"(150, 150)",8,3,67500,KGT_noDefect_simplified
N (523).png,523,"(150, 150)",8,3,67500,KGT_noDefect_simplified
N (524).png,524,"(150, 150)",8,3,67500,KGT_noDefect_simplified
N (525).png,525,"(150, 150)",8,3,67500,KGT_noDefect_simplified
N (526).png,526,"(150, 150)",8,3,67500,KGT_noDefect_simplified
N (527).png,527,"(150, 150)",8,3,67500,KGT_noDefect_simplified
N (528).png,528,"(150, 150)",8,3,67500,KGT_noDefect_simplified
N (529).png,529,"(150, 150)",8,3,67500,KGT_noDefect_simplified
N (53).png,53,"(150, 150)",8,3,67500,KGT_noDefect_simplified
N (530).png,530,"(150, 150)",8,3,67500,KGT_noDefect_simplified
N (531).png,531,"(150, 150)",8,3,67500,KGT_noDefect_simplified
N (532).png,532,"(150, 150)",8,3,67500,KGT_noDefect_simplified
N (533).png,533,"(150, 150)",8,3,67500,KGT_noDefect_simplified
N (534).png,534,"(150, 150)",8,3,67500,KGT_noDefect_simplified
N (535).png,535,"(150, 150)",8,3,67500,KGT_noDefect_simplified
N (536).png,536,"(150, 150)",8,3,67500,KGT_noDefect_simplified
N (537).png,537,"(150, 150)",8,3,67500,KGT_noDefect_simplified
N (538).png,538,"(150, 150)",8,3,67500,KGT_noDefect_simplified
N (539).png,539,"(150, 150)",8,3,67500,KGT_noDefect_simplified
N (54).png,54,"(150, 150)",8,3,67500,KGT_noDefect_simplified
N (540).png,540,"(150, 150)",8,3,67500,KGT_noDefect_simplified
N (541).png,541,"(150, 150)",8,3,67500,KGT_noDefect_simplified
N (542).png,542,"(150, 150)",8,3,67500,KGT_noDefect_simplified
N (543).png,543,"(150, 150)",8,3,67500,KGT_noDefect_simplified
N (544).png,544,"(150, 150)",8,3,67500,KGT_noDefect_simplified
N (545).png,545,"(150, 150)",8,3,67500,KGT_noDefect_simplified
N (546).png,546,"(150, 150)",8,3,67500,KGT_noDefect_simplified
N (547).png,547,"(150, 150)",8,3,67500,KGT_noDefect_simplified
N (548).png,548,"(150, 150)",8,3,67500,KGT_noDefect_simplified
N (549).png,549,"(150, 150)",8,3,67500,KGT_noDefect_simplified
N (55).png,55,"(150, 150)",8,3,67500,KGT_noDefect_simplified
N (550).png,550,"(150, 150)",8,3,67500,KGT_noDefect_simplified
N (551).png,551,"(150, 150)",8,3,67500,KGT_noDefect_simplified
N (552).png,552,"(150, 150)",8,3,67500,KGT_noDefect_simplified
N (553).png,553,"(150, 150)",8,3,67500,KGT_noDefect_simplified
N (554).png,554,"(150, 150)",8,3,67500,KGT_noDefect_simplified
N (555).png,555,"(150, 150)",8,3,67500,KGT_noDefect_simplified
N (556).png,556,"(150, 150)",8,3,67500,KGT_noDefect_simplified
N (557).png,557,"(150, 150)",8,3,67500,KGT_noDefect_simplified
N (558).png,558,"(150, 150)",8,3,67500,KGT_noDefect_simplified
N (559).png,559,"(150, 150)",8,3,67500,KGT_noDefect_simplified
N (56).png,56,"(150, 150)",8,3,67500,KGT_noDefect_simplified
N (560).png,560,"(150, 150)",8,3,67500,KGT_noDefect_simplified
N (561).png,561,"(150, 150)",8,3,67500,KGT_noDefect_simplified
N (562).png,562,"(150, 150)",8,3,67500,KGT_noDefect_simplified
N (563).png,563,"(150, 150)",8,3,67500,KGT_noDefect_simplified
N (564).png,564,"(150, 150)",8,3,67500,KGT_noDefect_simplified
N (565).png,565,"(150, 150)",8,3,67500,KGT_noDefect_simplified
N (566).png,566,"(150, 150)",8,3,67500,KGT_noDefect_simplified
N (567).png,567,"(150, 150)",8,3,67500,KGT_noDefect_simplified
N (568).png,568,"(150, 150)",8,3,67500,KGT_noDefect_simplified
N (569).png,569,"(150, 150)",8,3,67500,KGT_noDefect_simplified
N (57).png,57,"(150, 150)",8,3,67500,KGT_noDefect_simplified
N (570).png,570,"(150, 150)",8,3,67500,KGT_noDefect_simplified
N (571).png,571,"(150, 150)",8,3,67500,KGT_noDefect_simplified
N (572).png,572,"(150, 150)",8,3,67500,KGT_noDefect_simplified
N (573).png,573,"(150, 150)",8,3,67500,KGT_noDefect_simplified
N (574).png,574,"(150, 150)",8,3,67500,KGT_noDefect_simplified
N (575).png,575,"(150, 150)",8,3,67500,KGT_noDefect_simplified
N (576).png,576,"(150, 150)",8,3,67500,KGT_noDefect_simplified
N (577).png,577,"(150, 150)",8,3,67500,KGT_noDefect_simplified
N (578).png,578,"(150, 150)",8,3,67500,KGT_noDefect_simplified
N (579).png,579,"(150, 150)",8,3,67500,KGT_noDefect_simplified
N (58).png,58,"(150, 150)",8,3,67500,KGT_noDefect_simplified
N (580).png,580,"(150, 150)",8,3,67500,KGT_noDefect_simplified
N (581).png,581,"(150, 150)",8,3,67500,KGT_noDefect_simplified
N (582).png,582,"(150, 150)",8,3,67500,KGT_noDefect_simplified
N (583).png,583,"(150, 150)",8,3,67500,KGT_noDefect_simplified
N (584).png,584,"(150, 150)",8,3,67500,KGT_noDefect_simplified
N (585).png,585,"(150, 150)",8,3,67500,KGT_noDefect_simplified
N (586).png,586,"(150, 150)",8,3,67500,KGT_noDefect_simplified
N (587).png,587,"(150, 150)",8,3,67500,KGT_noDefect_simplified
N (588).png,588,"(150, 150)",8,3,67500,KGT_noDefect_simplified
N (589).png,589,"(150, 150)",8,3,67500,KGT_noDefect_simplified
N (59).png,59,"(150, 150)",8,3,67500,KGT_noDefect_simplified
N (590).png,590,"(150, 150)",8,3,67500,KGT_noDefect_simplified
N (591).png,591,"(150, 150)",8,3,67500,KGT_noDefect_simplified
N (592).png,592,"(150, 150)",8,3,67500,KGT_noDefect_simplified
N (593).png,593,"(150, 150)",8,3,67500,KGT_noDefect_simplified
N (594).png,594,"(150, 150)",8,3,67500,KGT_noDefect_simplified
N (595).png,595,"(150, 150)",8,3,67500,KGT_noDefect_simplified
N (596).png,596,"(150, 150)",8,3,67500,KGT_noDefect_simplified
N (597).png,597,"(150, 150)",8,3,67500,KGT_noDefect_simplified
N (598).png,598,"(150, 150)",8,3,67500,KGT_noDefect_simplified
N (599).png,599,"(150, 150)",8,3,67500,KGT_noDefect_simplified
N (6).png,6,"(150, 150)",8,3,67500,KGT_noDefect_simplified
N (60).png,60,"(150, 150)",8,3,67500,KGT_noDefect_simplified
N (600).png,600,"(150, 150)",8,3,67500,KGT_noDefect_simplified
N (601).png,601,"(150, 150)",8,3,67500,KGT_noDefect_simplified
N (602).png,602,"(150, 150)",8,3,67500,KGT_noDefect_simplified
N (603).png,603,"(150, 150)",8,3,67500,KGT_noDefect_simplified
N (604).png,604,"(150, 150)",8,3,67500,KGT_noDefect_simplified
N (605).png,605,"(150, 150)",8,3,67500,KGT_noDefect_simplified
N (606).png,606,"(150, 150)",8,3,67500,KGT_noDefect_simplified
N (607).png,607,"(150, 150)",8,3,67500,KGT_noDefect_simplified
N (608).png,608,"(150, 150)",8,3,67500,KGT_noDefect_simplified
N (609).png,609,"(150, 150)",8,3,67500,KGT_noDefect_simplified
N (61).png,61,"(150, 150)",8,3,67500,KGT_noDefect_simplified
N (610).png,610,"(150, 150)",8,3,67500,KGT_noDefect_simplified
N (611).png,611,"(150, 150)",8,3,67500,KGT_noDefect_simplified
N (612).png,612,"(150, 150)",8,3,67500,KGT_noDefect_simplified
N (613).png,613,"(150, 150)",8,3,67500,KGT_noDefect_simplified
N (614).png,614,"(150, 150)",8,3,67500,KGT_noDefect_simplified
N (615).png,615,"(150, 150)",8,3,67500,KGT_noDefect_simplified
N (616).png,616,"(150, 150)",8,3,67500,KGT_noDefect_simplified
N (617).png,617,"(150, 150)",8,3,67500,KGT_noDefect_simplified
N (618).png,618,"(150, 150)",8,3,67500,KGT_noDefect_simplified
N (619).png,619,"(150, 150)",8,3,67500,KGT_noDefect_simplified
N (62).png,62,"(150, 150)",8,3,67500,KGT_noDefect_simplified
N (620).png,620,"(150, 150)",8,3,67500,KGT_noDefect_simplified
N (621).png,621,"(150, 150)",8,3,67500,KGT_noDefect_simplified
N (622).png,622,"(150, 150)",8,3,67500,KGT_noDefect_simplified
N (623).png,623,"(150, 150)",8,3,67500,KGT_noDefect_simplified
N (624).png,624,"(150, 150)",8,3,67500,KGT_noDefect_simplified
N (625).png,625,"(150, 150)",8,3,67500,KGT_noDefect_simplified
N (626).png,626,"(150, 150)",8,3,67500,KGT_noDefect_simplified
N (627).png,627,"(150, 150)",8,3,67500,KGT_noDefect_simplified
N (628).png,628,"(150, 150)",8,3,67500,KGT_noDefect_simplified
N (629).png,629,"(150, 150)",8,3,67500,KGT_noDefect_simplified
N (63).png,63,"(150, 150)",8,3,67500,KGT_noDefect_simplified
N (630).png,630,"(150, 150)",8,3,67500,KGT_noDefect_simplified
N (631).png,631,"(150, 150)",8,3,67500,KGT_noDefect_simplified
N (632).png,632,"(150, 150)",8,3,67500,KGT_noDefect_simplified
N (633).png,633,"(150, 150)",8,3,67500,KGT_noDefect_simplified
N (634).png,634,"(150, 150)",8,3,67500,KGT_noDefect_simplified
N (635).png,635,"(150, 150)",8,3,67500,KGT_noDefect_simplified
N (636).png,636,"(150, 150)",8,3,67500,KGT_noDefect_simplified
N (637).png,637,"(150, 150)",8,3,67500,KGT_noDefect_simplified
N (638).png,638,"(150, 150)",8,3,67500,KGT_noDefect_simplified
N (639).png,639,"(150, 150)",8,3,67500,KGT_noDefect_simplified
N (64).png,64,"(150, 150)",8,3,67500,KGT_noDefect_simplified
N (640).png,640,"(150, 150)",8,3,67500,KGT_noDefect_simplified
N (641).png,641,"(150, 150)",8,3,67500,KGT_noDefect_simplified
N (642).png,642,"(150, 150)",8,3,67500,KGT_noDefect_simplified
N (643).png,643,"(150, 150)",8,3,67500,KGT_noDefect_simplified
N (644).png,644,"(150, 150)",8,3,67500,KGT_noDefect_simplified
N (645).png,645,"(150, 150)",8,3,67500,KGT_noDefect_simplified
N (646).png,646,"(150, 150)",8,3,67500,KGT_noDefect_simplified
N (647).png,647,"(150, 150)",8,3,67500,KGT_noDefect_simplified
N (648).png,648,"(150, 150)",8,3,67500,KGT_noDefect_simplified
N (649).png,649,"(150, 150)",8,3,67500,KGT_noDefect_simplified
N (65).png,65,"(150, 150)",8,3,67500,KGT_noDefect_simplified
N (650).png,650,"(150, 150)",8,3,67500,KGT_noDefect_simplified
N (651).png,651,"(150, 150)",8,3,67500,KGT_noDefect_simplified
N (652).png,652,"(150, 150)",8,3,67500,KGT_noDefect_simplified
N (653).png,653,"(150, 150)",8,3,67500,KGT_noDefect_simplified
N (653)_.png,653,"(150, 150)",8,3,67500,KGT_noDefect_simplified
N (654).png,654,"(150, 150)",8,3,67500,KGT_noDefect_simplified
N (654)_.png,654,"(150, 150)",8,3,67500,KGT_noDefect_simplified
N (655).png,655,"(150, 150)",8,3,67500,KGT_noDefect_simplified
N (655)_.png,655,"(150, 150)",8,3,67500,KGT_noDefect_simplified
N (656).png,656,"(150, 150)",8,3,67500,KGT_noDefect_simplified
N (657).png,657,"(150, 150)",8,3,67500,KGT_noDefect_simplified
N (657)_.png,657,"(150, 150)",8,3,67500,KGT_noDefect_simplified
N (658).png,658,"(150, 150)",8,3,67500,KGT_noDefect_simplified
N (658)_.png,658,"(150, 150)",8,3,67500,KGT_noDefect_simplified
N (659)_.png,659,"(150, 150)",8,3,67500,KGT_noDefect_simplified
N (66).png,66,"(150, 150)",8,3,67500,KGT_noDefect_simplified
N (660).png,660,"(150, 150)",8,3,67500,KGT_noDefect_simplified
N (660)_.png,660,"(150, 150)",8,3,67500,KGT_noDefect_simplified
N (661).png,661,"(150, 150)",8,3,67500,KGT_noDefect_simplified
N (661)_.png,661,"(150, 150)",8,3,67500,KGT_noDefect_simplified
N (662).png,662,"(150, 150)",8,3,67500,KGT_noDefect_simplified
N (662)_.png,662,"(150, 150)",8,3,67500,KGT_noDefect_simplified
N (663).png,663,"(150, 150)",8,3,67500,KGT_noDefect_simplified
N (663)_.png,663,"(150, 150)",8,3,67500,KGT_noDefect_simplified
N (664).png,664,"(150, 150)",8,3,67500,KGT_noDefect_simplified
N (664)_.png,664,"(150, 150)",8,3,67500,KGT_noDefect_simplified
N (665).png,665,"(150, 150)",8,3,67500,KGT_noDefect_simplified
N (666).png,666,"(150, 150)",8,3,67500,KGT_noDefect_simplified
N (667).png,667,"(150, 150)",8,3,67500,KGT_noDefect_simplified
N (668).png,668,"(150, 150)",8,3,67500,KGT_noDefect_simplified
N (668)_.png,668,"(150, 150)",8,3,67500,KGT_noDefect_simplified
N (669).png,669,"(150, 150)",8,3,67500,KGT_noDefect_simplified
N (669)_.png,669,"(150, 150)",8,3,67500,KGT_noDefect_simplified
N (67).png,67,"(150, 150)",8,3,67500,KGT_noDefect_simplified
N (670).png,670,"(150, 150)",8,3,67500,KGT_noDefect_simplified
N (671).png,671,"(150, 150)",8,3,67500,KGT_noDefect_simplified
N (671)_.png,671,"(150, 150)",8,3,67500,KGT_noDefect_simplified
N (672).png,672,"(150, 150)",8,3,67500,KGT_noDefect_simplified
N (672)_.png,672,"(150, 150)",8,3,67500,KGT_noDefect_simplified
N (673).png,673,"(150, 150)",8,3,67500,KGT_noDefect_simplified
N (673)_.png,673,"(150, 150)",8,3,67500,KGT_noDefect_simplified
N (674).png,674,"(150, 150)",8,3,67500,KGT_noDefect_simplified
N (674)_.png,674,"(150, 150)",8,3,67500,KGT_noDefect_simplified
N (675).png,675,"(150, 150)",8,3,67500,KGT_noDefect_simplified
N (675)_.png,675,"(150, 150)",8,3,67500,KGT_noDefect_simplified
N (676).png,676,"(150, 150)",8,3,67500,KGT_noDefect_simplified
N (676)_.png,676,"(150, 150)",8,3,67500,KGT_noDefect_simplified
N (677).png,677,"(150, 150)",8,3,67500,KGT_noDefect_simplified
N (677)_.png,677,"(150, 150)",8,3,67500,KGT_noDefect_simplified
N (678).png,678,"(150, 150)",8,3,67500,KGT_noDefect_simplified
N (678)_.png,678,"(150, 150)",8,3,67500,KGT_noDefect_simplified
N (679).png,679,"(150, 150)",8,3,67500,KGT_noDefect_simplified
N (68).png,68,"(150, 150)",8,3,67500,KGT_noDefect_simplified
N (680).png,680,"(150, 150)",8,3,67500,KGT_noDefect_simplified
N (681).png,681,"(150, 150)",8,3,67500,KGT_noDefect_simplified
N (681)_.png,681,"(150, 150)",8,3,67500,KGT_noDefect_simplified
N (682).png,682,"(150, 150)",8,3,67500,KGT_noDefect_simplified
N (684).png,684,"(150, 150)",8,3,67500,KGT_noDefect_simplified
N (684)_.png,684,"(150, 150)",8,3,67500,KGT_noDefect_simplified
N (686).png,686,"(150, 150)",8,3,67500,KGT_noDefect_simplified
N (686)_.png,686,"(150, 150)",8,3,67500,KGT_noDefect_simplified
N (687).png,687,"(150, 150)",8,3,67500,KGT_noDefect_simplified
N (687)_.png,687,"(150, 150)",8,3,67500,KGT_noDefect_simplified
N (688).png,688,"(150, 150)",8,3,67500,KGT_noDefect_simplified
N (689).png,689,"(150, 150)",8,3,67500,KGT_noDefect_simplified
N (689)_.png,689,"(150, 150)",8,3,67500,KGT_noDefect_simplified
N (69).png,69,"(150, 150)",8,3,67500,KGT_noDefect_simplified
N (691).png,691,"(150, 150)",8,3,67500,KGT_noDefect_simplified
N (691)_.png,691,"(150, 150)",8,3,67500,KGT_noDefect_simplified
N (692).png,692,"(150, 150)",8,3,67500,KGT_noDefect_simplified
N (692)_.png,692,"(150, 150)",8,3,67500,KGT_noDefect_simplified
N (693).png,693,"(150, 150)",8,3,67500,KGT_noDefect_simplified
N (693)_.png,693,"(150, 150)",8,3,67500,KGT_noDefect_simplified
N (694).png,694,"(150, 150)",8,3,67500,KGT_noDefect_simplified
N (694)_.png,694,"(150, 150)",8,3,67500,KGT_noDefect_simplified
N (695)_.png,695,"(150, 150)",8,3,67500,KGT_noDefect_simplified
N (696).png,696,"(150, 150)",8,3,67500,KGT_noDefect_simplified
N (696)_.png,696,"(150, 150)",8,3,67500,KGT_noDefect_simplified
N (697)_.png,697,"(150, 150)",8,3,67500,KGT_noDefect_simplified
N (698).png,698,"(150, 150)",8,3,67500,KGT_noDefect_simplified
N (698)_.png,698,"(150, 150)",8,3,67500,KGT_noDefect_simplified
N (699).png,699,"(150, 150)",8,3,67500,KGT_noDefect_simplified
N (699)_.png,699,"(150, 150)",8,3,67500,KGT_noDefect_simplified
N (7).png,7,"(150, 150)",8,3,67500,KGT_noDefect_simplified
N (70).png,70,"(150, 150)",8,3,67500,KGT_noDefect_simplified
N (700).png,700,"(150, 150)",8,3,67500,KGT_noDefect_simplified
N (700)_.png,700,"(150, 150)",8,3,67500,KGT_noDefect_simplified
N (71).png,71,"(150, 150)",8,3,67500,KGT_noDefect_simplified
N (72).png,72,"(150, 150)",8,3,67500,KGT_noDefect_simplified
N (73).png,73,"(150, 150)",8,3,67500,KGT_noDefect_simplified
N (74).png,74,"(150, 150)",8,3,67500,KGT_noDefect_simplified
N (75).png,75,"(150, 150)",8,3,67500,KGT_noDefect_simplified
N (76).png,76,"(150, 150)",8,3,67500,KGT_noDefect_simplified
N (77).png,77,"(150, 150)",8,3,67500,KGT_noDefect_simplified
N (78).png,78,"(150, 150)",8,3,67500,KGT_noDefect_simplified
N (79).png,79,"(150, 150)",8,3,67500,KGT_noDefect_simplified
N (80).png,80,"(150, 150)",8,3,67500,KGT_noDefect_simplified
N (81).png,81,"(150, 150)",8,3,67500,KGT_noDefect_simplified
N (82).png,82,"(150, 150)",8,3,67500,KGT_noDefect_simplified
N (83).png,83,"(150, 150)",8,3,67500,KGT_noDefect_simplified
N (84).png,84,"(150, 150)",8,3,67500,KGT_noDefect_simplified
N (85).png,85,"(150, 150)",8,3,67500,KGT_noDefect_simplified
N (86).png,86,"(150, 150)",8,3,67500,KGT_noDefect_simplified
N (87).png,87,"(150, 150)",8,3,67500,KGT_noDefect_simplified
N (88).png,88,"(150, 150)",8,3,67500,KGT_noDefect_simplified
N (89).png,89,"(150, 150)",8,3,67500,KGT_noDefect_simplified
N (9).png,9,"(150, 150)",8,3,67500,KGT_noDefect_simplified
N (90).png,90,"(150, 150)",8,3,67500,KGT_noDefect_simplified
N (91).png,91,"(150, 150)",8,3,67500,KGT_noDefect_simplified
N (92).png,92,"(150, 150)",8,3,67500,KGT_noDefect_simplified
N (93).png,93,"(150, 150)",8,3,67500,KGT_noDefect_simplified
N (94).png,94,"(150, 150)",8,3,67500,KGT_noDefect_simplified
N (95).png,95,"(150, 150)",8,3,67500,KGT_noDefect_simplified
N (96).png,96,"(150, 150)",8,3,67500,KGT_noDefect_simplified
N (97).png,97,"(150, 150)",8,3,67500,KGT_noDefect_simplified
N (98).png,98,"(150, 150)",8,3,67500,KGT_noDefect_simplified
N (99).png,99,"(150, 150)",8,3,67500,KGT_noDefect_simplified
P (10).png,10,"(150, 150)",8,3,67500,KGT_pitting_simplified
P (100).png,100,"(150, 150)",8,3,67500,KGT_pitting_simplified
P (101).png,101,"(150, 150)",8,3,67500,KGT_pitting_simplified
P (102).png,102,"(150, 150)",8,3,67500,KGT_pitting_simplified
P (103).png,103,"(150, 150)",8,3,67500,KGT_pitting_simplified
P (104).png,104,"(150, 150)",8,3,67500,KGT_pitting_simplified
P (105).png,105,"(150, 150)",8,3,67500,KGT_pitting_simplified
P (106).png,106,"(150, 150)",8,3,67500,KGT_pitting_simplified
P (107).png,107,"(150, 150)",8,3,67500,KGT_pitting_simplified
P (108).png,108,"(150, 150)",8,3,67500,KGT_pitting_simplified
P (109).png,109,"(150, 150)",8,3,67500,KGT_pitting_simplified
P (11).png,11,"(150, 150)",8,3,67500,KGT_pitting_simplified
P (110).png,110,"(150, 150)",8,3,67500,KGT_pitting_simplified
P (111).png,111,"(150, 150)",8,3,67500,KGT_pitting_simplified
P (112).png,112,"(150, 150)",8,3,67500,KGT_pitting_simplified
P (113).png,113,"(150, 150)",8,3,67500,KGT_pitting_simplified
P (114).png,114,"(150, 150)",8,3,67500,KGT_pitting_simplified
P (115).png,115,"(150, 150)",8,3,67500,KGT_pitting_simplified
P (116).png,116,"(150, 150)",8,3,67500,KGT_pitting_simplified
P (117).png,117,"(150, 150)",8,3,67500,KGT_pitting_simplified
P (118).png,118,"(150, 150)",8,3,67500,KGT_pitting_simplified
P (119).png,119,"(150, 150)",8,3,67500,KGT_pitting_simplified
P (12).png,12,"(150, 150)",8,3,67500,KGT_pitting_simplified
P (120).png,120,"(150, 150)",8,3,67500,KGT_pitting_simplified
P (121).png,121,"(150, 150)",8,3,67500,KGT_pitting_simplified
P (122).png,122,"(150, 150)",8,3,67500,KGT_pitting_simplified
P (123).png,123,"(150, 150)",8,3,67500,KGT_pitting_simplified
P (124).png,124,"(150, 150)",8,3,67500,KGT_pitting_simplified
P (125).png,125,"(150, 150)",8,3,67500,KGT_pitting_simplified
P (126).png,126,"(150, 150)",8,3,67500,KGT_pitting_simplified
P (127).png,127,"(150, 150)",8,3,67500,KGT_pitting_simplified
P (128).png,128,"(150, 150)",8,3,67500,KGT_pitting_simplified
P (129).png,129,"(150, 150)",8,3,67500,KGT_pitting_simplified
P (13).png,13,"(150, 150)",8,3,67500,KGT_pitting_simplified
P (130).png,130,"(150, 150)",8,3,67500,KGT_pitting_simplified
P (131).png,131,"(150, 150)",8,3,67500,KGT_pitting_simplified
P (132).png,132,"(150, 150)",8,3,67500,KGT_pitting_simplified
P (133).png,133,"(150, 150)",8,3,67500,KGT_pitting_simplified
P (134).png,134,"(150, 150)",8,3,67500,KGT_pitting_simplified
P (135).png,135,"(150, 150)",8,3,67500,KGT_pitting_simplified
P (136).png,136,"(150, 150)",8,3,67500,KGT_pitting_simplified
P (137).png,137,"(150, 150)",8,3,67500,KGT_pitting_simplified
P (138).png,138,"(150, 150)",8,3,67500,KGT_pitting_simplified
P (139).png,139,"(150, 150)",8,3,67500,KGT_pitting_simplified
P (14).png,14,"(150, 150)",8,3,67500,KGT_pitting_simplified
P (140).png,140,"(150, 150)",8,3,67500,KGT_pitting_simplified
P (141).png,141,"(150, 150)",8,3,67500,KGT_pitting_simplified
P (142).png,142,"(150, 150)",8,3,67500,KGT_pitting_simplified
P (143).png,143,"(150, 150)",8,3,67500,KGT_pitting_simplified
P (144).png,144,"(150, 150)",8,3,67500,KGT_pitting_simplified
P (145).png,145,"(150, 150)",8,3,67500,KGT_pitting_simplified
P (146).png,146,"(150, 150)",8,3,67500,KGT_pitting_simplified
P (147).png,147,"(150, 150)",8,3,67500,KGT_pitting_simplified
P (148).png,148,"(150, 150)",8,3,67500,KGT_pitting_simplified
P (149).png,149,"(150, 150)",8,3,67500,KGT_pitting_simplified
P (15).png,15,"(150, 150)",8,3,67500,KGT_pitting_simplified
P (150).png,150,"(150, 150)",8,3,67500,KGT_pitting_simplified
P (151).png,151,"(150, 150)",8,3,67500,KGT_pitting_simplified
P (152).png,152,"(150, 150)",8,3,67500,KGT_pitting_simplified
P (153).png,153,"(150, 150)",8,3,67500,KGT_pitting_simplified
P (154).png,154,"(150, 150)",8,3,67500,KGT_pitting_simplified
P (155).png,155,"(150, 150)",8,3,67500,KGT_pitting_simplified
P (156).png,156,"(150, 150)",8,3,67500,KGT_pitting_simplified
P (157).png,157,"(150, 150)",8,3,67500,KGT_pitting_simplified
P (158).png,158,"(150, 150)",8,3,67500,KGT_pitting_simplified
P (159).png,159,"(150, 150)",8,3,67500,KGT_pitting_simplified
P (16).png,16,"(150, 150)",8,3,67500,KGT_pitting_simplified
P (160).png,160,"(150, 150)",8,3,67500,KGT_pitting_simplified
P (161).png,161,"(150, 150)",8,3,67500,KGT_pitting_simplified
P (162).png,162,"(150, 150)",8,3,67500,KGT_pitting_simplified
P (163).png,163,"(150, 150)",8,3,67500,KGT_pitting_simplified
P (164).png,164,"(150, 150)",8,3,67500,KGT_pitting_simplified
P (165).png,165,"(150, 150)",8,3,67500,KGT_pitting_simplified
P (166).png,166,"(150, 150)",8,3,67500,KGT_pitting_simplified
P (167).png,167,"(150, 150)",8,3,67500,KGT_pitting_simplified
P (168).png,168,"(150, 150)",8,3,67500,KGT_pitting_simplified
P (169).png,169,"(150, 150)",8,3,67500,KGT_pitting_simplified
P (17).png,17,"(150, 150)",8,3,67500,KGT_pitting_simplified
P (170).png,170,"(150, 150)",8,3,67500,KGT_pitting_simplified
P (171).png,171,"(150, 150)",8,3,67500,KGT_pitting_simplified
P (172).png,172,"(150, 150)",8,3,67500,KGT_pitting_simplified
P (173).png,173,"(150, 150)",8,3,67500,KGT_pitting_simplified
P (174).png,174,"(150, 150)",8,3,67500,KGT_pitting_simplified
P (175).png,175,"(150, 150)",8,3,67500,KGT_pitting_simplified
P (176).png,176,"(150, 150)",8,3,67500,KGT_pitting_simplified
P (177).png,177,"(150, 150)",8,3,67500,KGT_pitting_simplified
P (178).png,178,"(150, 150)",8,3,67500,KGT_pitting_simplified
P (179).png,179,"(150, 150)",8,3,67500,KGT_pitting_simplified
P (18).png,18,"(150, 150)",8,3,67500,KGT_pitting_simplified
P (180).png,180,"(150, 150)",8,3,67500,KGT_pitting_simplified
P (181).png,181,"(150, 150)",8,3,67500,KGT_pitting_simplified
P (182).png,182,"(150, 150)",8,3,67500,KGT_pitting_simplified
P (183).png,183,"(150, 150)",8,3,67500,KGT_pitting_simplified
P (184).png,184,"(150, 150)",8,3,67500,KGT_pitting_simplified
P (185).png,185,"(150, 150)",8,3,67500,KGT_pitting_simplified
P (186).png,186,"(150, 150)",8,3,67500,KGT_pitting_simplified
P (187).png,187,"(150, 150)",8,3,67500,KGT_pitting_simplified
P (188).png,188,"(150, 150)",8,3,67500,KGT_pitting_simplified
P (189).png,189,"(150, 150)",8,3,67500,KGT_pitting_simplified
P (19).png,19,"(150, 150)",8,3,67500,KGT_pitting_simplified
P (190).png,190,"(150, 150)",8,3,67500,KGT_pitting_simplified
P (191).png,191,"(150, 150)",8,3,67500,KGT_pitting_simplified
P (192).png,192,"(150, 150)",8,3,67500,KGT_pitting_simplified
P (193).png,193,"(150, 150)",8,3,67500,KGT_pitting_simplified
P (194).png,194,"(150, 150)",8,3,67500,KGT_pitting_simplified
P (195).png,195,"(150, 150)",8,3,67500,KGT_pitting_simplified
P (196).png,196,"(150, 150)",8,3,67500,KGT_pitting_simplified
P (197).png,197,"(150, 150)",8,3,67500,KGT_pitting_simplified
P (198).png,198,"(150, 150)",8,3,67500,KGT_pitting_simplified
P (199).png,199,"(150, 150)",8,3,67500,KGT_pitting_simplified
P (2).png,2,"(150, 150)",8,3,67500,KGT_pitting_simplified
P (20).png,20,"(150, 150)",8,3,67500,KGT_pitting_simplified
P (200).png,200,"(150, 150)",8,3,67500,KGT_pitting_simplified
P (201).png,201,"(150, 150)",8,3,67500,KGT_pitting_simplified
P (202).png,202,"(150, 150)",8,3,67500,KGT_pitting_simplified
P (203).png,203,"(150, 150)",8,3,67500,KGT_pitting_simplified
P (204).png,204,"(150, 150)",8,3,67500,KGT_pitting_simplified
P (205).png,205,"(150, 150)",8,3,67500,KGT_pitting_simplified
P (206).png,206,"(150, 150)",8,3,67500,KGT_pitting_simplified
P (207).png,207,"(150, 150)",8,3,67500,KGT_pitting_simplified
P (208).png,208,"(150, 150)",8,3,67500,KGT_pitting_simplified
P (209).png,209,"(150, 150)",8,3,67500,KGT_pitting_simplified
P (21).png,21,"(150, 150)",8,3,67500,KGT_pitting_simplified
P (210).png,210,"(150, 150)",8,3,67500,KGT_pitting_simplified
P (211).png,211,"(150, 150)",8,3,67500,KGT_pitting_simplified
P (212).png,212,"(150, 150)",8,3,67500,KGT_pitting_simplified
P (213).png,213,"(150, 150)",8,3,67500,KGT_pitting_simplified
P (214).png,214,"(150, 150)",8,3,67500,KGT_pitting_simplified
P (215).png,215,"(150, 150)",8,3,67500,KGT_pitting_simplified
P (216).png,216,"(150, 150)",8,3,67500,KGT_pitting_simplified
P (217).png,217,"(150, 150)",8,3,67500,KGT_pitting_simplified
P (218).png,218,"(150, 150)",8,3,67500,KGT_pitting_simplified
P (219).png,219,"(150, 150)",8,3,67500,KGT_pitting_simplified
P (22).png,22,"(150, 150)",8,3,67500,KGT_pitting_simplified
P (220).png,220,"(150, 150)",8,3,67500,KGT_pitting_simplified
P (221).png,221,"(150, 150)",8,3,67500,KGT_pitting_simplified
P (222).png,222,"(150, 150)",8,3,67500,KGT_pitting_simplified
P (223).png,223,"(150, 150)",8,3,67500,KGT_pitting_simplified
P (224).png,224,"(150, 150)",8,3,67500,KGT_pitting_simplified
P (225).png,225,"(150, 150)",8,3,67500,KGT_pitting_simplified
P (226).png,226,"(150, 150)",8,3,67500,KGT_pitting_simplified
P (227).png,227,"(150, 150)",8,3,67500,KGT_pitting_simplified
P (228).png,228,"(150, 150)",8,3,67500,KGT_pitting_simplified
P (229).png,229,"(150, 150)",8,3,67500,KGT_pitting_simplified
P (23).png,23,"(150, 150)",8,3,67500,KGT_pitting_simplified
P (230).png,230,"(150, 150)",8,3,67500,KGT_pitting_simplified
P (231).png,231,"(150, 150)",8,3,67500,KGT_pitting_simplified
P (232).png,232,"(150, 150)",8,3,67500,KGT_pitting_simplified
P (233).png,233,"(150, 150)",8,3,67500,KGT_pitting_simplified
P (234).png,234,"(150, 150)",8,3,67500,KGT_pitting_simplified
P (235).png,235,"(150, 150)",8,3,67500,KGT_pitting_simplified
P (236).png,236,"(150, 150)",8,3,67500,KGT_pitting_simplified
P (237).png,237,"(150, 150)",8,3,67500,KGT_pitting_simplified
P (238).png,238,"(150, 150)",8,3,67500,KGT_pitting_simplified
P (239).png,239,"(150, 150)",8,3,67500,KGT_pitting_simplified
P (24).png,24,"(150, 150)",8,3,67500,KGT_pitting_simplified
P (240).png,240,"(150, 150)",8,3,67500,KGT_pitting_simplified
P (241).png,241,"(150, 150)",8,3,67500,KGT_pitting_simplified
P (242).png,242,"(150, 150)",8,3,67500,KGT_pitting_simplified
P (243).png,243,"(150, 150)",8,3,67500,KGT_pitting_simplified
P (244).png,244,"(150, 150)",8,3,67500,KGT_pitting_simplified
P (245).png,245,"(150, 150)",8,3,67500,KGT_pitting_simplified
P (246).png,246,"(150, 150)",8,3,67500,KGT_pitting_simplified
P (247).png,247,"(150, 150)",8,3,67500,KGT_pitting_simplified
P (248).png,248,"(150, 150)",8,3,67500,KGT_pitting_simplified
P (249).png,249,"(150, 150)",8,3,67500,KGT_pitting_simplified
P (25).png,25,"(150, 150)",8,3,67500,KGT_pitting_simplified
P (250).png,250,"(150, 150)",8,3,67500,KGT_pitting_simplified
P (251).png,251,"(150, 150)",8,3,67500,KGT_pitting_simplified
P (252).png,252,"(150, 150)",8,3,67500,KGT_pitting_simplified
P (253).png,253,"(150, 150)",8,3,67500,KGT_pitting_simplified
P (254).png,254,"(150, 150)",8,3,67500,KGT_pitting_simplified
P (255).png,255,"(150, 150)",8,3,67500,KGT_pitting_simplified
P (256).png,256,"(150, 150)",8,3,67500,KGT_pitting_simplified
P (257).png,257,"(150, 150)",8,3,67500,KGT_pitting_simplified
P (258).png,258,"(150, 150)",8,3,67500,KGT_pitting_simplified
P (259).png,259,"(150, 150)",8,3,67500,KGT_pitting_simplified
P (26).png,26,"(150, 150)",8,3,67500,KGT_pitting_simplified
P (260).png,260,"(150, 150)",8,3,67500,KGT_pitting_simplified
P (261).png,261,"(150, 150)",8,3,67500,KGT_pitting_simplified
P (262).png,262,"(150, 150)",8,3,67500,KGT_pitting_simplified
P (263).png,263,"(150, 150)",8,3,67500,KGT_pitting_simplified
P (264).png,264,"(150, 150)",8,3,67500,KGT_pitting_simplified
P (265).png,265,"(150, 150)",8,3,67500,KGT_pitting_simplified
P (266).png,266,"(150, 150)",8,3,67500,KGT_pitting_simplified
P (267).png,267,"(150, 150)",8,3,67500,KGT_pitting_simplified
P (268).png,268,"(150, 150)",8,3,67500,KGT_pitting_simplified
P (269).png,269,"(150, 150)",8,3,67500,KGT_pitting_simplified
P (27).png,27,"(150, 150)",8,3,67500,KGT_pitting_simplified
P (270).png,270,"(150, 150)",8,3,67500,KGT_pitting_simplified
P (271).png,271,"(150, 150)",8,3,67500,KGT_pitting_simplified
P (272).png,272,"(150, 150)",8,3,67500,KGT_pitting_simplified
P (273).png,273,"(150, 150)",8,3,67500,KGT_pitting_simplified
P (274).png,274,"(150, 150)",8,3,67500,KGT_pitting_simplified
P (275).png,275,"(150, 150)",8,3,67500,KGT_pitting_simplified
P (276).png,276,"(150, 150)",8,3,67500,KGT_pitting_simplified
P (277).png,277,"(150, 150)",8,3,67500,KGT_pitting_simplified
P (278).png,278,"(150, 150)",8,3,67500,KGT_pitting_simplified
P (279).png,279,"(150, 150)",8,3,67500,KGT_pitting_simplified
P (28).png,28,"(150, 150)",8,3,67500,KGT_pitting_simplified
P (280).png,280,"(150, 150)",8,3,67500,KGT_pitting_simplified
P (281).png,281,"(150, 150)",8,3,67500,KGT_pitting_simplified
P (282).png,282,"(150, 150)",8,3,67500,KGT_pitting_simplified
P (283).png,283,"(150, 150)",8,3,67500,KGT_pitting_simplified
P (284).png,284,"(150, 150)",8,3,67500,KGT_pitting_simplified
P (285).png,285,"(150, 150)",8,3,67500,KGT_pitting_simplified
P (286).png,286,"(150, 150)",8,3,67500,KGT_pitting_simplified
P (287).png,287,"(150, 150)",8,3,67500,KGT_pitting_simplified
P (288).png,288,"(150, 150)",8,3,67500,KGT_pitting_simplified
P (289).png,289,"(150, 150)",8,3,67500,KGT_pitting_simplified
P (29).png,29,"(150, 150)",8,3,67500,KGT_pitting_simplified
P (290).png,290,"(150, 150)",8,3,67500,KGT_pitting_simplified
P (291).png,291,"(150, 150)",8,3,67500,KGT_pitting_simplified
P (292).png,292,"(150, 150)",8,3,67500,KGT_pitting_simplified
P (293).png,293,"(150, 150)",8,3,67500,KGT_pitting_simplified
P (294).png,294,"(150, 150)",8,3,67500,KGT_pitting_simplified
P (295).png,295,"(150, 150)",8,3,67500,KGT_pitting_simplified
P (296).png,296,"(150, 150)",8,3,67500,KGT_pitting_simplified
P (297).png,297,"(150, 150)",8,3,67500,KGT_pitting_simplified
P (298).png,298,"(150, 150)",8,3,67500,KGT_pitting_simplified
P (299).png,299,"(150, 150)",8,3,67500,KGT_pitting_simplified
P (3).png,3,"(150, 150)",8,3,67500,KGT_pitting_simplified
P (30).png,30,"(150, 150)",8,3,67500,KGT_pitting_simplified
P (300).png,300,"(150, 150)",8,3,67500,KGT_pitting_simplified
P (301).png,301,"(150, 150)",8,3,67500,KGT_pitting_simplified
P (302).png,302,"(150, 150)",8,3,67500,KGT_pitting_simplified
P (303).png,303,"(150, 150)",8,3,67500,KGT_pitting_simplified
P (304).png,304,"(150, 150)",8,3,67500,KGT_pitting_simplified
P (305).png,305,"(150, 150)",8,3,67500,KGT_pitting_simplified
P (306).png,306,"(150, 150)",8,3,67500,KGT_pitting_simplified
P (307).png,307,"(150, 150)",8,3,67500,KGT_pitting_simplified
P (308).png,308,"(150, 150)",8,3,67500,KGT_pitting_simplified
P (309).png,309,"(150, 150)",8,3,67500,KGT_pitting_simplified
P (31).png,31,"(150, 150)",8,3,67500,KGT_pitting_simplified
P (310).png,310,"(150, 150)",8,3,67500,KGT_pitting_simplified
P (311).png,311,"(150, 150)",8,3,67500,KGT_pitting_simplified
P (312).png,312,"(150, 150)",8,3,67500,KGT_pitting_simplified
P (313).png,313,"(150, 150)",8,3,67500,KGT_pitting_simplified
P (314).png,314,"(150, 150)",8,3,67500,KGT_pitting_simplified
P (315).png,315,"(150, 150)",8,3,67500,KGT_pitting_simplified
P (316).png,316,"(150, 150)",8,3,67500,KGT_pitting_simplified
P (317).png,317,"(150, 150)",8,3,67500,KGT_pitting_simplified
P (318).png,318,"(150, 150)",8,3,67500,KGT_pitting_simplified
P (319).png,319,"(150, 150)",8,3,67500,KGT_pitting_simplified
P (32).png,32,"(150, 150)",8,3,67500,KGT_pitting_simplified
P (320).png,320,"(150, 150)",8,3,67500,KGT_pitting_simplified
P (321).png,321,"(150, 150)",8,3,67500,KGT_pitting_simplified
P (322).png,322,"(150, 150)",8,3,67500,KGT_pitting_simplified
P (323).png,323,"(150, 150)",8,3,67500,KGT_pitting_simplified
P (324).png,324,"(150, 150)",8,3,67500,KGT_pitting_simplified
P (325).png,325,"(150, 150)",8,3,67500,KGT_pitting_simplified
P (326).png,326,"(150, 150)",8,3,67500,KGT_pitting_simplified
P (327).png,327,"(150, 150)",8,3,67500,KGT_pitting_simplified
P (328).png,328,"(150, 150)",8,3,67500,KGT_pitting_simplified
P (329).png,329,"(150, 150)",8,3,67500,KGT_pitting_simplified
P (33).png,33,"(150, 150)",8,3,67500,KGT_pitting_simplified
P (330).png,330,"(150, 150)",8,3,67500,KGT_pitting_simplified
P (331).png,331,"(150, 150)",8,3,67500,KGT_pitting_simplified
P (332).png,332,"(150, 150)",8,3,67500,KGT_pitting_simplified
P (333).png,333,"(150, 150)",8,3,67500,KGT_pitting_simplified
P (334).png,334,"(150, 150)",8,3,67500,KGT_pitting_simplified
P (335).png,335,"(150, 150)",8,3,67500,KGT_pitting_simplified
P (336).png,336,"(150, 150)",8,3,67500,KGT_pitting_simplified
P (337).png,337,"(150, 150)",8,3,67500,KGT_pitting_simplified
P (338).png,338,"(150, 150)",8,3,67500,KGT_pitting_simplified
P (339).png,339,"(150, 150)",8,3,67500,KGT_pitting_simplified
P (34).png,34,"(150, 150)",8,3,67500,KGT_pitting_simplified
P (340).png,340,"(150, 150)",8,3,67500,KGT_pitting_simplified
P (341).png,341,"(150, 150)",8,3,67500,KGT_pitting_simplified
P (342).png,342,"(150, 150)",8,3,67500,KGT_pitting_simplified
P (343).png,343,"(150, 150)",8,3,67500,KGT_pitting_simplified
P (344).png,344,"(150, 150)",8,3,67500,KGT_pitting_simplified
P (345).png,345,"(150, 150)",8,3,67500,KGT_pitting_simplified
P (346).png,346,"(150, 150)",8,3,67500,KGT_pitting_simplified
P (347).png,347,"(150, 150)",8,3,67500,KGT_pitting_simplified
P (348).png,348,"(150, 150)",8,3,67500,KGT_pitting_simplified
P (349).png,349,"(150, 150)",8,3,67500,KGT_pitting_simplified
P (35).png,35,"(150, 150)",8,3,67500,KGT_pitting_simplified
P (350).png,350,"(150, 150)",8,3,67500,KGT_pitting_simplified
P (351).png,351,"(150, 150)",8,3,67500,KGT_pitting_simplified
P (352).png,352,"(150, 150)",8,3,67500,KGT_pitting_simplified
P (353).png,353,"(150, 150)",8,3,67500,KGT_pitting_simplified
P (354).png,354,"(150, 150)",8,3,67500,KGT_pitting_simplified
P (355).png,355,"(150, 150)",8,3,67500,KGT_pitting_simplified
P (356).png,356,"(150, 150)",8,3,67500,KGT_pitting_simplified
P (357).png,357,"(150, 150)",8,3,67500,KGT_pitting_simplified
P (358).png,358,"(150, 150)",8,3,67500,KGT_pitting_simplified
P (359).png,359,"(150, 150)",8,3,67500,KGT_pitting_simplified
P (36).png,36,"(150, 150)",8,3,67500,KGT_pitting_simplified
P (360).png,360,"(150, 150)",8,3,67500,KGT_pitting_simplified
P (361).png,361,"(150, 150)",8,3,67500,KGT_pitting_simplified
P (362).png,362,"(150, 150)",8,3,67500,KGT_pitting_simplified
P (363).png,363,"(150, 150)",8,3,67500,KGT_pitting_simplified
P (364).png,364,"(150, 150)",8,3,67500,KGT_pitting_simplified
P (365).png,365,"(150, 150)",8,3,67500,KGT_pitting_simplified
P (366).png,366,"(150, 150)",8,3,67500,KGT_pitting_simplified
P (367).png,367,"(150, 150)",8,3,67500,KGT_pitting_simplified
P (368).png,368,"(150, 150)",8,3,67500,KGT_pitting_simplified
P (369).png,369,"(150, 150)",8,3,67500,KGT_pitting_simplified
P (37).png,37,"(150, 150)",8,3,67500,KGT_pitting_simplified
P (370).png,370,"(150, 150)",8,3,67500,KGT_pitting_simplified
P (371).png,371,"(150, 150)",8,3,67500,KGT_pitting_simplified
P (372).png,372,"(150, 150)",8,3,67500,KGT_pitting_simplified
P (373).png,373,"(150, 150)",8,3,67500,KGT_pitting_simplified
P (374).png,374,"(150, 150)",8,3,67500,KGT_pitting_simplified
P (375).png,375,"(150, 150)",8,3,67500,KGT_pitting_simplified
P (376).png,376,"(150, 150)",8,3,67500,KGT_pitting_simplified
P (377).png,377,"(150, 150)",8,3,67500,KGT_pitting_simplified
P (378).png,378,"(150, 150)",8,3,67500,KGT_pitting_simplified
P (379).png,379,"(150, 150)",8,3,67500,KGT_pitting_simplified
P (38).png,38,"(150, 150)",8,3,67500,KGT_pitting_simplified
P (380).png,380,"(150, 150)",8,3,67500,KGT_pitting_simplified
P (381).png,381,"(150, 150)",8,3,67500,KGT_pitting_simplified
P (382).png,382,"(150, 150)",8,3,67500,KGT_pitting_simplified
P (383).png,383,"(150, 150)",8,3,67500,KGT_pitting_simplified
P (384).png,384,"(150, 150)",8,3,67500,KGT_pitting_simplified
P (385).png,385,"(150, 150)",8,3,67500,KGT_pitting_simplified
P (386).png,386,"(150, 150)",8,3,67500,KGT_pitting_simplified
P (387).png,387,"(150, 150)",8,3,67500,KGT_pitting_simplified
P (388).png,388,"(150, 150)",8,3,67500,KGT_pitting_simplified
P (389).png,389,"(150, 150)",8,3,67500,KGT_pitting_simplified
P (39).png,39,"(150, 150)",8,3,67500,KGT_pitting_simplified
P (390).png,390,"(150, 150)",8,3,67500,KGT_pitting_simplified
P (391).png,391,"(150, 150)",8,3,67500,KGT_pitting_simplified
P (392).png,392,"(150, 150)",8,3,67500,KGT_pitting_simplified
P (393).png,393,"(150, 150)",8,3,67500,KGT_pitting_simplified
P (394).png,394,"(150, 150)",8,3,67500,KGT_pitting_simplified
P (395).png,395,"(150, 150)",8,3,67500,KGT_pitting_simplified
P (396).png,396,"(150, 150)",8,3,67500,KGT_pitting_simplified
P (397).png,397,"(150, 150)",8,3,67500,KGT_pitting_simplified
P (398).png,398,"(150, 150)",8,3,67500,KGT_pitting_simplified
P (399).png,399,"(150, 150)",8,3,67500,KGT_pitting_simplified
P (4).png,4,"(150, 150)",8,3,67500,KGT_pitting_simplified
P (40).png,40,"(150, 150)",8,3,67500,KGT_pitting_simplified
P (400).png,400,"(150, 150)",8,3,67500,KGT_pitting_simplified
P (401).png,401,"(150, 150)",8,3,67500,KGT_pitting_simplified
P (402).png,402,"(150, 150)",8,3,67500,KGT_pitting_simplified
P (403).png,403,"(150, 150)",8,3,67500,KGT_pitting_simplified
P (404).png,404,"(150, 150)",8,3,67500,KGT_pitting_simplified
P (405).png,405,"(150, 150)",8,3,67500,KGT_pitting_simplified
P (406).png,406,"(150, 150)",8,3,67500,KGT_pitting_simplified
P (407).png,407,"(150, 150)",8,3,67500,KGT_pitting_simplified
P (408).png,408,"(150, 150)",8,3,67500,KGT_pitting_simplified
P (409).png,409,"(150, 150)",8,3,67500,KGT_pitting_simplified
P (41).png,41,"(150, 150)",8,3,67500,KGT_pitting_simplified
P (410).png,410,"(150, 150)",8,3,67500,KGT_pitting_simplified
P (411).png,411,"(150, 150)",8,3,67500,KGT_pitting_simplified
P (412).png,412,"(150, 150)",8,3,67500,KGT_pitting_simplified
P (413).png,413,"(150, 150)",8,3,67500,KGT_pitting_simplified
P (414).png,414,"(150, 150)",8,3,67500,KGT_pitting_simplified
P (415).png,415,"(150, 150)",8,3,67500,KGT_pitting_simplified
P (416).png,416,"(150, 150)",8,3,67500,KGT_pitting_simplified
P (417).png,417,"(150, 150)",8,3,67500,KGT_pitting_simplified
P (418).png,418,"(150, 150)",8,3,67500,KGT_pitting_simplified
P (419).png,419,"(150, 150)",8,3,67500,KGT_pitting_simplified
P (42).png,42,"(150, 150)",8,3,67500,KGT_pitting_simplified
P (420).png,420,"(150, 150)",8,3,67500,KGT_pitting_simplified
P (421).png,421,"(150, 150)",8,3,67500,KGT_pitting_simplified
P (422).png,422,"(150, 150)",8,3,67500,KGT_pitting_simplified
P (423).png,423,"(150, 150)",8,3,67500,KGT_pitting_simplified
P (424).png,424,"(150, 150)",8,3,67500,KGT_pitting_simplified
P (425).png,425,"(150, 150)",8,3,67500,KGT_pitting_simplified
P (426).png,426,"(150, 150)",8,3,67500,KGT_pitting_simplified
P (427).png,427,"(150, 150)",8,3,67500,KGT_pitting_simplified
P (428).png,428,"(150, 150)",8,3,67500,KGT_pitting_simplified
P (429).png,429,"(150, 150)",8,3,67500,KGT_pitting_simplified
P (43).png,43,"(150, 150)",8,3,67500,KGT_pitting_simplified
P (430).png,430,"(150, 150)",8,3,67500,KGT_pitting_simplified
P (431).png,431,"(150, 150)",8,3,67500,KGT_pitting_simplified
P (432).png,432,"(150, 150)",8,3,67500,KGT_pitting_simplified
P (433).png,433,"(150, 150)",8,3,67500,KGT_pitting_simplified
P (434).png,434,"(150, 150)",8,3,67500,KGT_pitting_simplified
P (435).png,435,"(150, 150)",8,3,67500,KGT_pitting_simplified
P (436).png,436,"(150, 150)",8,3,67500,KGT_pitting_simplified
P (437).png,437,"(150, 150)",8,3,67500,KGT_pitting_simplified
P (438).png,438,"(150, 150)",8,3,67500,KGT_pitting_simplified
P (439).png,439,"(150, 150)",8,3,67500,KGT_pitting_simplified
P (44).png,44,"(150, 150)",8,3,67500,KGT_pitting_simplified
P (440).png,440,"(150, 150)",8,3,67500,KGT_pitting_simplified
P (441).png,441,"(150, 150)",8,3,67500,KGT_pitting_simplified
P (442).png,442,"(150, 150)",8,3,67500,KGT_pitting_simplified
P (443).png,443,"(150, 150)",8,3,67500,KGT_pitting_simplified
P (444).png,444,"(150, 150)",8,3,67500,KGT_pitting_simplified
P (445).png,445,"(150, 150)",8,3,67500,KGT_pitting_simplified
P (446).png,446,"(150, 150)",8,3,67500,KGT_pitting_simplified
P (447).png,447,"(150, 150)",8,3,67500,KGT_pitting_simplified
P (448).png,448,"(150, 150)",8,3,67500,KGT_pitting_simplified
P (449).png,449,"(150, 150)",8,3,67500,KGT_pitting_simplified
P (45).png,45,"(150, 150)",8,3,67500,KGT_pitting_simplified
P (450).png,450,"(150, 150)",8,3,67500,KGT_pitting_simplified
P (451).png,451,"(150, 150)",8,3,67500,KGT_pitting_simplified
P (452).png,452,"(150, 150)",8,3,67500,KGT_pitting_simplified
P (453).png,453,"(150, 150)",8,3,67500,KGT_pitting_simplified
P (454).png,454,"(150, 150)",8,3,67500,KGT_pitting_simplified
P (455).png,455,"(150, 150)",8,3,67500,KGT_pitting_simplified
P (456).png,456,"(150, 150)",8,3,67500,KGT_pitting_simplified
P (457).png,457,"(150, 150)",8,3,67500,KGT_pitting_simplified
P (458).png,458,"(150, 150)",8,3,67500,KGT_pitting_simplified
P (459).png,459,"(150, 150)",8,3,67500,KGT_pitting_simplified
P (46).png,46,"(150, 150)",8,3,67500,KGT_pitting_simplified
P (460).png,460,"(150, 150)",8,3,67500,KGT_pitting_simplified
P (461).png,461,"(150, 150)",8,3,67500,KGT_pitting_simplified
P (462).png,462,"(150, 150)",8,3,67500,KGT_pitting_simplified
P (463).png,463,"(150, 150)",8,3,67500,KGT_pitting_simplified
P (464).png,464,"(150, 150)",8,3,67500,KGT_pitting_simplified
P (465).png,465,"(150, 150)",8,3,67500,KGT_pitting_simplified
P (466).png,466,"(150, 150)",8,3,67500,KGT_pitting_simplified
P (467).png,467,"(150, 150)",8,3,67500,KGT_pitting_simplified
P (468).png,468,"(150, 150)",8,3,67500,KGT_pitting_simplified
P (469).png,469,"(150, 150)",8,3,67500,KGT_pitting_simplified
P (47).png,47,"(150, 150)",8,3,67500,KGT_pitting_simplified
P (470).png,470,"(150, 150)",8,3,67500,KGT_pitting_simplified
P (471).png,471,"(150, 150)",8,3,67500,KGT_pitting_simplified
P (472).png,472,"(150, 150)",8,3,67500,KGT_pitting_simplified
P (473).png,473,"(150, 150)",8,3,67500,KGT_pitting_simplified
P (474).png,474,"(150, 150)",8,3,67500,KGT_pitting_simplified
P (475).png,475,"(150, 150)",8,3,67500,KGT_pitting_simplified
P (476).png,476,"(150, 150)",8,3,67500,KGT_pitting_simplified
P (477).png,477,"(150, 150)",8,3,67500,KGT_pitting_simplified
P (478).png,478,"(150, 150)",8,3,67500,KGT_pitting_simplified
P (479).png,479,"(150, 150)",8,3,67500,KGT_pitting_simplified
P (48).png,48,"(150, 150)",8,3,67500,KGT_pitting_simplified
P (480).png,480,"(150, 150)",8,3,67500,KGT_pitting_simplified
P (481).png,481,"(150, 150)",8,3,67500,KGT_pitting_simplified
P (482).png,482,"(150, 150)",8,3,67500,KGT_pitting_simplified
P (483).png,483,"(150, 150)",8,3,67500,KGT_pitting_simplified
P (484).png,484,"(150, 150)",8,3,67500,KGT_pitting_simplified
P (485).png,485,"(150, 150)",8,3,67500,KGT_pitting_simplified
P (486).png,486,"(150, 150)",8,3,67500,KGT_pitting_simplified
P (487).png,487,"(150, 150)",8,3,67500,KGT_pitting_simplified
P (488).png,488,"(150, 150)",8,3,67500,KGT_pitting_simplified
P (489).png,489,"(150, 150)",8,3,67500,KGT_pitting_simplified
P (49).png,49,"(150, 150)",8,3,67500,KGT_pitting_simplified
P (490).png,490,"(150, 150)",8,3,67500,KGT_pitting_simplified
P (491).png,491,"(150, 150)",8,3,67500,KGT_pitting_simplified
P (492).png,492,"(150, 150)",8,3,67500,KGT_pitting_simplified
P (493).png,493,"(150, 150)",8,3,67500,KGT_pitting_simplified
P (494).png,494,"(150, 150)",8,3,67500,KGT_pitting_simplified
P (495).png,495,"(150, 150)",8,3,67500,KGT_pitting_simplified
P (496).png,496,"(150, 150)",8,3,67500,KGT_pitting_simplified
P (497).png,497,"(150, 150)",8,3,67500,KGT_pitting_simplified
P (498).png,498,"(150, 150)",8,3,67500,KGT_pitting_simplified
P (499).png,499,"(150, 150)",8,3,67500,KGT_pitting_simplified
P (5).png,5,"(150, 150)",8,3,67500,KGT_pitting_simplified
P (50).png,50,"(150, 150)",8,3,67500,KGT_pitting_simplified
P (500).png,500,"(150, 150)",8,3,67500,KGT_pitting_simplified
P (501).png,501,"(150, 150)",8,3,67500,KGT_pitting_simplified
P (502).png,502,"(150, 150)",8,3,67500,KGT_pitting_simplified
P (503).png,503,"(150, 150)",8,3,67500,KGT_pitting_simplified
P (504).png,504,"(150, 150)",8,3,67500,KGT_pitting_simplified
P (505).png,505,"(150, 150)",8,3,67500,KGT_pitting_simplified
P (506).png,506,"(150, 150)",8,3,67500,KGT_pitting_simplified
P (507).png,507,"(150, 150)",8,3,67500,KGT_pitting_simplified
P (508).png,508,"(150, 150)",8,3,67500,KGT_pitting_simplified
P (509).png,509,"(150, 150)",8,3,67500,KGT_pitting_simplified
P (51).png,51,"(150, 150)",8,3,67500,KGT_pitting_simplified
P (510).png,510,"(150, 150)",8,3,67500,KGT_pitting_simplified
P (511).png,511,"(150, 150)",8,3,67500,KGT_pitting_simplified
P (512).png,512,"(150, 150)",8,3,67500,KGT_pitting_simplified
P (513).png,513,"(150, 150)",8,3,67500,KGT_pitting_simplified
P (514).png,514,"(150, 150)",8,3,67500,KGT_pitting_simplified
P (515).png,515,"(150, 150)",8,3,67500,KGT_pitting_simplified
P (516).png,516,"(150, 150)",8,3,67500,KGT_pitting_simplified
P (517).png,517,"(150, 150)",8,3,67500,KGT_pitting_simplified
P (518).png,518,"(150, 150)",8,3,67500,KGT_pitting_simplified
P (519).png,519,"(150, 150)",8,3,67500,KGT_pitting_simplified
P (52).png,52,"(150, 150)",8,3,67500,KGT_pitting_simplified
P (520).png,520,"(150, 150)",8,3,67500,KGT_pitting_simplified
P (521).png,521,"(150, 150)",8,3,67500,KGT_pitting_simplified
P (522).png,522,"(150, 150)",8,3,67500,KGT_pitting_simplified
P (523).png,523,"(150, 150)",8,3,67500,KGT_pitting_simplified
P (524).png,524,"(150, 150)",8,3,67500,KGT_pitting_simplified
P (525).png,525,"(150, 150)",8,3,67500,KGT_pitting_simplified
P (526).png,526,"(150, 150)",8,3,67500,KGT_pitting_simplified
P (527).png,527,"(150, 150)",8,3,67500,KGT_pitting_simplified
P (527)_.png,527,"(150, 150)",8,3,67500,KGT_pitting_simplified
P (528).png,528,"(150, 150)",8,3,67500,KGT_pitting_simplified
P (528)_.png,528,"(150, 150)",8,3,67500,KGT_pitting_simplified
P (529).png,529,"(150, 150)",8,3,67500,KGT_pitting_simplified
P (529)_.png,529,"(150, 150)",8,3,67500,KGT_pitting_simplified
P (53).png,53,"(150, 150)",8,3,67500,KGT_pitting_simplified
P (530).png,530,"(150, 150)",8,3,67500,KGT_pitting_simplified
P (530)_.png,530,"(150, 150)",8,3,67500,KGT_pitting_simplified
P (531).png,531,"(150, 150)",8,3,67500,KGT_pitting_simplified
P (531)_.png,531,"(150, 150)",8,3,67500,KGT_pitting_simplified
P (532).png,532,"(150, 150)",8,3,67500,KGT_pitting_simplified
P (532)_.png,532,"(150, 150)",8,3,67500,KGT_pitting_simplified
P (533).png,533,"(150, 150)",8,3,67500,KGT_pitting_simplified
P (533)_.png,533,"(150, 150)",8,3,67500,KGT_pitting_simplified
P (534).png,534,"(150, 150)",8,3,67500,KGT_pitting_simplified
P (534)_.png,534,"(150, 150)",8,3,67500,KGT_pitting_simplified
P (535).png,535,"(150, 150)",8,3,67500,KGT_pitting_simplified
P (535)_.png,535,"(150, 150)",8,3,67500,KGT_pitting_simplified
P (536).png,536,"(150, 150)",8,3,67500,KGT_pitting_simplified
P (536)_.png,536,"(150, 150)",8,3,67500,KGT_pitting_simplified
P (537).png,537,"(150, 150)",8,3,67500,KGT_pitting_simplified
P (537)_.png,537,"(150, 150)",8,3,67500,KGT_pitting_simplified
P (538).png,538,"(150, 150)",8,3,67500,KGT_pitting_simplified
P (538)_.png,538,"(150, 150)",8,3,67500,KGT_pitting_simplified
P (539).png,539,"(150, 150)",8,3,67500,KGT_pitting_simplified
P (539)_.png,539,"(150, 150)",8,3,67500,KGT_pitting_simplified
P (54).png,54,"(150, 150)",8,3,67500,KGT_pitting_simplified
P (540).png,540,"(150, 150)",8,3,67500,KGT_pitting_simplified
P (540)_.png,540,"(150, 150)",8,3,67500,KGT_pitting_simplified
P (541).png,541,"(150, 150)",8,3,67500,KGT_pitting_simplified
P (541)_.png,541,"(150, 150)",8,3,67500,KGT_pitting_simplified
P (542).png,542,"(150, 150)",8,3,67500,KGT_pitting_simplified
P (542)_.png,542,"(150, 150)",8,3,67500,KGT_pitting_simplified
P (543).png,543,"(150, 150)",8,3,67500,KGT_pitting_simplified
P (543)_.png,543,"(150, 150)",8,3,67500,KGT_pitting_simplified
P (544).png,544,"(150, 150)",8,3,67500,KGT_pitting_simplified
P (544)_.png,544,"(150, 150)",8,3,67500,KGT_pitting_simplified
P (545).png,545,"(150, 150)",8,3,67500,KGT_pitting_simplified
P (545)_.png,545,"(150, 150)",8,3,67500,KGT_pitting_simplified
P (546).png,546,"(150, 150)",8,3,67500,KGT_pitting_simplified
P (546)_.png,546,"(150, 150)",8,3,67500,KGT_pitting_simplified
P (547).png,547,"(150, 150)",8,3,67500,KGT_pitting_simplified
P (547)_.png,547,"(150, 150)",8,3,67500,KGT_pitting_simplified
P (548).png,548,"(150, 150)",8,3,67500,KGT_pitting_simplified
P (548)_.png,548,"(150, 150)",8,3,67500,KGT_pitting_simplified
P (549).png,549,"(150, 150)",8,3,67500,KGT_pitting_simplified
P (549)_.png,549,"(150, 150)",8,3,67500,KGT_pitting_simplified
P (55).png,55,"(150, 150)",8,3,67500,KGT_pitting_simplified
P (550).png,550,"(150, 150)",8,3,67500,KGT_pitting_simplified
P (550)_.png,550,"(150, 150)",8,3,67500,KGT_pitting_simplified
P (551).png,551,"(150, 150)",8,3,67500,KGT_pitting_simplified
P (551)_.png,551,"(150, 150)",8,3,67500,KGT_pitting_simplified
P (552).png,552,"(150, 150)",8,3,67500,KGT_pitting_simplified
P (552)_.png,552,"(150, 150)",8,3,67500,KGT_pitting_simplified
P (553).png,553,"(150, 150)",8,3,67500,KGT_pitting_simplified
P (553)_.png,553,"(150, 150)",8,3,67500,KGT_pitting_simplified
P (554).png,554,"(150, 150)",8,3,67500,KGT_pitting_simplified
P (554)_.png,554,"(150, 150)",8,3,67500,KGT_pitting_simplified
P (555).png,555,"(150, 150)",8,3,67500,KGT_pitting_simplified
P (555)_.png,555,"(150, 150)",8,3,67500,KGT_pitting_simplified
P (556).png,556,"(150, 150)",8,3,67500,KGT_pitting_simplified
P (556)_.png,556,"(150, 150)",8,3,67500,KGT_pitting_simplified
P (557).png,557,"(150, 150)",8,3,67500,KGT_pitting_simplified
P (557)_.png,557,"(150, 150)",8,3,67500,KGT_pitting_simplified
P (558).png,558,"(150, 150)",8,3,67500,KGT_pitting_simplified
P (558)_.png,558,"(150, 150)",8,3,67500,KGT_pitting_simplified
P (559).png,559,"(150, 150)",8,3,67500,KGT_pitting_simplified
P (559)_.png,559,"(150, 150)",8,3,67500,KGT_pitting_simplified
P (56).png,56,"(150, 150)",8,3,67500,KGT_pitting_simplified
P (560).png,560,"(150, 150)",8,3,67500,KGT_pitting_simplified
P (560)_.png,560,"(150, 150)",8,3,67500,KGT_pitting_simplified
P (561).png,561,"(150, 150)",8,3,67500,KGT_pitting_simplified
P (561)_.png,561,"(150, 150)",8,3,67500,KGT_pitting_simplified
P (562).png,562,"(150, 150)",8,3,67500,KGT_pitting_simplified
P (562)_.png,562,"(150, 150)",8,3,67500,KGT_pitting_simplified
P (563).png,563,"(150, 150)",8,3,67500,KGT_pitting_simplified
P (563)_.png,563,"(150, 150)",8,3,67500,KGT_pitting_simplified
P (564).png,564,"(150, 150)",8,3,67500,KGT_pitting_simplified
P (564)_.png,564,"(150, 150)",8,3,67500,KGT_pitting_simplified
P (565).png,565,"(150, 150)",8,3,67500,KGT_pitting_simplified
P (565)_.png,565,"(150, 150)",8,3,67500,KGT_pitting_simplified
P (566).png,566,"(150, 150)",8,3,67500,KGT_pitting_simplified
P (566)_.png,566,"(150, 150)",8,3,67500,KGT_pitting_simplified
P (567).png,567,"(150, 150)",8,3,67500,KGT_pitting_simplified
P (567)_.png,567,"(150, 150)",8,3,67500,KGT_pitting_simplified
P (568).png,568,"(150, 150)",8,3,67500,KGT_pitting_simplified
P (568)_.png,568,"(150, 150)",8,3,67500,KGT_pitting_simplified
P (569).png,569,"(150, 150)",8,3,67500,KGT_pitting_simplified
P (569)_.png,569,"(150, 150)",8,3,67500,KGT_pitting_simplified
P (57).png,57,"(150, 150)",8,3,67500,KGT_pitting_simplified
P (570).png,570,"(150, 150)",8,3,67500,KGT_pitting_simplified
P (570)_.png,570,"(150, 150)",8,3,67500,KGT_pitting_simplified
P (571).png,571,"(150, 150)",8,3,67500,KGT_pitting_simplified
P (571)_.png,571,"(150, 150)",8,3,67500,KGT_pitting_simplified
P (572).png,572,"(150, 150)",8,3,67500,KGT_pitting_simplified
P (572)_.png,572,"(150, 150)",8,3,67500,KGT_pitting_simplified
P (573).png,573,"(150, 150)",8,3,67500,KGT_pitting_simplified
P (573)_.png,573,"(150, 150)",8,3,67500,KGT_pitting_simplified
P (574).png,574,"(150, 150)",8,3,67500,KGT_pitting_simplified
P (574)_.png,574,"(150, 150)",8,3,67500,KGT_pitting_simplified
P (575).png,575,"(150, 150)",8,3,67500,KGT_pitting_simplified
P (575)_.png,575,"(150, 150)",8,3,67500,KGT_pitting_simplified
P (576).png,576,"(150, 150)",8,3,67500,KGT_pitting_simplified
P (576)_.png,576,"(150, 150)",8,3,67500,KGT_pitting_simplified
P (577).png,577,"(150, 150)",8,3,67500,KGT_pitting_simplified
P (577)_.png,577,"(150, 150)",8,3,67500,KGT_pitting_simplified
P (578).png,578,"(150, 150)",8,3,67500,KGT_pitting_simplified
P (578)_.png,578,"(150, 150)",8,3,67500,KGT_pitting_simplified
P (579).png,579,"(150, 150)",8,3,67500,KGT_pitting_simplified
P (579)_.png,579,"(150, 150)",8,3,67500,KGT_pitting_simplified
P (58).png,58,"(150, 150)",8,3,67500,KGT_pitting_simplified
P (580).png,580,"(150, 150)",8,3,67500,KGT_pitting_simplified
P (580)_.png,580,"(150, 150)",8,3,67500,KGT_pitting_simplified
P (581).png,581,"(150, 150)",8,3,67500,KGT_pitting_simplified
P (581)_.png,581,"(150, 150)",8,3,67500,KGT_pitting_simplified
P (582).png,582,"(150, 150)",8,3,67500,KGT_pitting_simplified
P (582)_.png,582,"(150, 150)",8,3,67500,KGT_pitting_simplified
P (583).png,583,"(150, 150)",8,3,67500,KGT_pitting_simplified
P (583)_.png,583,"(150, 150)",8,3,67500,KGT_pitting_simplified
P (584).png,584,"(150, 150)",8,3,67500,KGT_pitting_simplified
P (584)_.png,584,"(150, 150)",8,3,67500,KGT_pitting_simplified
P (585).png,585,"(150, 150)",8,3,67500,KGT_pitting_simplified
P (585)_.png,585,"(150, 150)",8,3,67500,KGT_pitting_simplified
P (586).png,586,"(150, 150)",8,3,67500,KGT_pitting_simplified
P (586)_.png,586,"(150, 150)",8,3,67500,KGT_pitting_simplified
P (587).png,587,"(150, 150)",8,3,67500,KGT_pitting_simplified
P (587)_.png,587,"(150, 150)",8,3,67500,KGT_pitting_simplified
P (588).png,588,"(150, 150)",8,3,67500,KGT_pitting_simplified
P (588)_.png,588,"(150, 150)",8,3,67500,KGT_pitting_simplified
P (589).png,589,"(150, 150)",8,3,67500,KGT_pitting_simplified
P (589)_.png,589,"(150, 150)",8,3,67500,KGT_pitting_simplified
P (59).png,59,"(150, 150)",8,3,67500,KGT_pitting_simplified
P (590).png,590,"(150, 150)",8,3,67500,KGT_pitting_simplified
P (590)_.png,590,"(150, 150)",8,3,67500,KGT_pitting_simplified
P (591).png,591,"(150, 150)",8,3,67500,KGT_pitting_simplified
P (591)_.png,591,"(150, 150)",8,3,67500,KGT_pitting_simplified
P (592).png,592,"(150, 150)",8,3,67500,KGT_pitting_simplified
P (592)_.png,592,"(150, 150)",8,3,67500,KGT_pitting_simplified
P (593).png,593,"(150, 150)",8,3,67500,KGT_pitting_simplified
P (593)_.png,593,"(150, 150)",8,3,67500,KGT_pitting_simplified
P (594).png,594,"(150, 150)",8,3,67500,KGT_pitting_simplified
P (594)_.png,594,"(150, 150)",8,3,67500,KGT_pitting_simplified
P (595).png,595,"(150, 150)",8,3,67500,KGT_pitting_simplified
P (595)_.png,595,"(150, 150)",8,3,67500,KGT_pitting_simplified
P (596).png,596,"(150, 150)",8,3,67500,KGT_pitting_simplified
P (596)_.png,596,"(150, 150)",8,3,67500,KGT_pitting_simplified
P (597).png,597,"(150, 150)",8,3,67500,KGT_pitting_simplified
P (597)_.png,597,"(150, 150)",8,3,67500,KGT_pitting_simplified
P (598).png,598,"(150, 150)",8,3,67500,KGT_pitting_simplified
P (598)_.png,598,"(150, 150)",8,3,67500,KGT_pitting_simplified
P (599).png,599,"(150, 150)",8,3,67500,KGT_pitting_simplified
P (599)_.png,599,"(150, 150)",8,3,67500,KGT_pitting_simplified
P (6).png,6,"(150, 150)",8,3,67500,KGT_pitting_simplified
P (60).png,60,"(150, 150)",8,3,67500,KGT_pitting_simplified
P (600).png,600,"(150, 150)",8,3,67500,KGT_pitting_simplified
P (600)_.png,600,"(150, 150)",8,3,67500,KGT_pitting_simplified
P (601).png,601,"(150, 150)",8,3,67500,KGT_pitting_simplified
P (601)_.png,601,"(150, 150)",8,3,67500,KGT_pitting_simplified
P (602)_.png,602,"(150, 150)",8,3,67500,KGT_pitting_simplified
P (603)_.png,603,"(150, 150)",8,3,67500,KGT_pitting_simplified
P (604)_.png,604,"(150, 150)",8,3,67500,KGT_pitting_simplified
P (605)_.png,605,"(150, 150)",8,3,67500,KGT_pitting_simplified
P (606)_.png,606,"(150, 150)",8,3,67500,KGT_pitting_simplified
P (607)_.png,607,"(150, 150)",8,3,67500,KGT_pitting_simplified
P (608)_.png,608,"(150, 150)",8,3,67500,KGT_pitting_simplified
P (609)_.png,609,"(150, 150)",8,3,67500,KGT_pitting_simplified
P (61).png,61,"(150, 150)",8,3,67500,KGT_pitting_simplified
P (610)_.png,610,"(150, 150)",8,3,67500,KGT_pitting_simplified
P (611)_.png,611,"(150, 150)",8,3,67500,KGT_pitting_simplified
P (612)_.png,612,"(150, 150)",8,3,67500,KGT_pitting_simplified
P (613)_.png,613,"(150, 150)",8,3,67500,KGT_pitting_simplified
P (614)_.png,614,"(150, 150)",8,3,67500,KGT_pitting_simplified
P (615)_.png,615,"(150, 150)",8,3,67500,KGT_pitting_simplified
P (616)_.png,616,"(150, 150)",8,3,67500,KGT_pitting_simplified
P (617).png,617,"(150, 150)",8,3,67500,KGT_pitting_simplified
P (617)_.png,617,"(150, 150)",8,3,67500,KGT_pitting_simplified
P (618)_.png,618,"(150, 150)",8,3,67500,KGT_pitting_simplified
P (619)_.png,619,"(150, 150)",8,3,67500,KGT_pitting_simplified
P (62).png,62,"(150, 150)",8,3,67500,KGT_pitting_simplified
P (620)_.png,620,"(150, 150)",8,3,67500,KGT_pitting_simplified
P (621)_.png,621,"(150, 150)",8,3,67500,KGT_pitting_simplified
P (622)_.png,622,"(150, 150)",8,3,67500,KGT_pitting_simplified
P (623).png,623,"(150, 150)",8,3,67500,KGT_pitting_simplified
P (623)_.png,623,"(150, 150)",8,3,67500,KGT_pitting_simplified
P (624).png,624,"(150, 150)",8,3,67500,KGT_pitting_simplified
P (624)_.png,624,"(150, 150)",8,3,67500,KGT_pitting_simplified
P (625)_.png,625,"(150, 150)",8,3,67500,KGT_pitting_simplified
P (626)_.png,626,"(150, 150)",8,3,67500,KGT_pitting_simplified
P (627)_.png,627,"(150, 150)",8,3,67500,KGT_pitting_simplified
P (628)_.png,628,"(150, 150)",8,3,67500,KGT_pitting_simplified
P (629)_.png,629,"(150, 150)",8,3,67500,KGT_pitting_simplified
P (63).png,63,"(150, 150)",8,3,67500,KGT_pitting_simplified
P (630).png,630,"(150, 150)",8,3,67500,KGT_pitting_simplified
P (630)_.png,630,"(150, 150)",8,3,67500,KGT_pitting_simplified
P (631).png,631,"(150, 150)",8,3,67500,KGT_pitting_simplified
P (631)_.png,631,"(150, 150)",8,3,67500,KGT_pitting_simplified
P (632).png,632,"(150, 150)",8,3,67500,KGT_pitting_simplified
P (632)_.png,632,"(150, 150)",8,3,67500,KGT_pitting_simplified
P (633).png,633,"(150, 150)",8,3,67500,KGT_pitting_simplified
P (633)_.png,633,"(150, 150)",8,3,67500,KGT_pitting_simplified
P (634).png,634,"(150, 150)",8,3,67500,KGT_pitting_simplified
P (634)_.png,634,"(150, 150)",8,3,67500,KGT_pitting_simplified
P (635).png,635,"(150, 150)",8,3,67500,KGT_pitting_simplified
P (635)_.png,635,"(150, 150)",8,3,67500,KGT_pitting_simplified
P (636).png,636,"(150, 150)",8,3,67500,KGT_pitting_simplified
P (636)_.png,636,"(150, 150)",8,3,67500,KGT_pitting_simplified
P (637).png,637,"(150, 150)",8,3,67500,KGT_pitting_simplified
P (637)_.png,637,"(150, 150)",8,3,67500,KGT_pitting_simplified
P (638).png,638,"(150, 150)",8,3,67500,KGT_pitting_simplified
P (638)_.png,638,"(150, 150)",8,3,67500,KGT_pitting_simplified
P (639).png,639,"(150, 150)",8,3,67500,KGT_pitting_simplified
P (639)_.png,639,"(150, 150)",8,3,67500,KGT_pitting_simplified
P (64).png,64,"(150, 150)",8,3,67500,KGT_pitting_simplified
P (640).png,640,"(150, 150)",8,3,67500,KGT_pitting_simplified
P (640)_.png,640,"(150, 150)",8,3,67500,KGT_pitting_simplified
P (641).png,641,"(150, 150)",8,3,67500,KGT_pitting_simplified
P (641)_.png,641,"(150, 150)",8,3,67500,KGT_pitting_simplified
P (642).png,642,"(150, 150)",8,3,67500,KGT_pitting_simplified
P (642)_.png,642,"(150, 150)",8,3,67500,KGT_pitting_simplified
P (643).png,643,"(150, 150)",8,3,67500,KGT_pitting_simplified
P (643)_.png,643,"(150, 150)",8,3,67500,KGT_pitting_simplified
P (644).png,644,"(150, 150)",8,3,67500,KGT_pitting_simplified
P (644)_.png,644,"(150, 150)",8,3,67500,KGT_pitting_simplified
P (645).png,645,"(150, 150)",8,3,67500,KGT_pitting_simplified
P (645)_.png,645,"(150, 150)",8,3,67500,KGT_pitting_simplified
P (646).png,646,"(150, 150)",8,3,67500,KGT_pitting_simplified
P (646)_.png,646,"(150, 150)",8,3,67500,KGT_pitting_simplified
P (647).png,647,"(150, 150)",8,3,67500,KGT_pitting_simplified
P (647)_.png,647,"(150, 150)",8,3,67500,KGT_pitting_simplified
P (648).png,648,"(150, 150)",8,3,67500,KGT_pitting_simplified
P (648)_.png,648,"(150, 150)",8,3,67500,KGT_pitting_simplified
P (649).png,649,"(150, 150)",8,3,67500,KGT_pitting_simplified
P (649)_.png,649,"(150, 150)",8,3,67500,KGT_pitting_simplified
P (65).png,65,"(150, 150)",8,3,67500,KGT_pitting_simplified
P (650).png,650,"(150, 150)",8,3,67500,KGT_pitting_simplified
P (650)_.png,650,"(150, 150)",8,3,67500,KGT_pitting_simplified
P (651).png,651,"(150, 150)",8,3,67500,KGT_pitting_simplified
P (651)_.png,651,"(150, 150)",8,3,67500,KGT_pitting_simplified
P (652).png,652,"(150, 150)",8,3,67500,KGT_pitting_simplified
P (652)_.png,652,"(150, 150)",8,3,67500,KGT_pitting_simplified
P (653).png,653,"(150, 150)",8,3,67500,KGT_pitting_simplified
P (653)_.png,653,"(150, 150)",8,3,67500,KGT_pitting_simplified
P (654).png,654,"(150, 150)",8,3,67500,KGT_pitting_simplified
P (654)_.png,654,"(150, 150)",8,3,67500,KGT_pitting_simplified
P (655).png,655,"(150, 150)",8,3,67500,KGT_pitting_simplified
P (655)_.png,655,"(150, 150)",8,3,67500,KGT_pitting_simplified
P (656).png,656,"(150, 150)",8,3,67500,KGT_pitting_simplified
P (656)_.png,656,"(150, 150)",8,3,67500,KGT_pitting_simplified
P (657).png,657,"(150, 150)",8,3,67500,KGT_pitting_simplified
P (657)_.png,657,"(150, 150)",8,3,67500,KGT_pitting_simplified
P (658).png,658,"(150, 150)",8,3,67500,KGT_pitting_simplified
P (658)_.png,658,"(150, 150)",8,3,67500,KGT_pitting_simplified
P (659).png,659,"(150, 150)",8,3,67500,KGT_pitting_simplified
P (659)_.png,659,"(150, 150)",8,3,67500,KGT_pitting_simplified
P (66).png,66,"(150, 150)",8,3,67500,KGT_pitting_simplified
P (660).png,660,"(150, 150)",8,3,67500,KGT_pitting_simplified
P (660)_.png,660,"(150, 150)",8,3,67500,KGT_pitting_simplified
P (661).png,661,"(150, 150)",8,3,67500,KGT_pitting_simplified
P (661)_.png,661,"(150, 150)",8,3,67500,KGT_pitting_simplified
P (662).png,662,"(150, 150)",8,3,67500,KGT_pitting_simplified
P (662)_.png,662,"(150, 150)",8,3,67500,KGT_pitting_simplified
P (663).png,663,"(150, 150)",8,3,67500,KGT_pitting_simplified
P (663)_.png,663,"(150, 150)",8,3,67500,KGT_pitting_simplified
P (664).png,664,"(150, 150)",8,3,67500,KGT_pitting_simplified
P (664)_.png,664,"(150, 150)",8,3,67500,KGT_pitting_simplified
P (665).png,665,"(150, 150)",8,3,67500,KGT_pitting_simplified
P (665)_.png,665,"(150, 150)",8,3,67500,KGT_pitting_simplified
P (666).png,666,"(150, 150)",8,3,67500,KGT_pitting_simplified
P (666)_.png,666,"(150, 150)",8,3,67500,KGT_pitting_simplified
P (667).png,667,"(150, 150)",8,3,67500,KGT_pitting_simplified
P (667)_.png,667,"(150, 150)",8,3,67500,KGT_pitting_simplified
P (668).png,668,"(150, 150)",8,3,67500,KGT_pitting_simplified
P (668)_.png,668,"(150, 150)",8,3,67500,KGT_pitting_simplified
P (669).png,669,"(150, 150)",8,3,67500,KGT_pitting_simplified
P (669)_.png,669,"(150, 150)",8,3,67500,KGT_pitting_simplified
P (67).png,67,"(150, 150)",8,3,67500,KGT_pitting_simplified
P (670).png,670,"(150, 150)",8,3,67500,KGT_pitting_simplified
P (670)_.png,670,"(150, 150)",8,3,67500,KGT_pitting_simplified
P (671).png,671,"(150, 150)",8,3,67500,KGT_pitting_simplified
P (671)_.png,671,"(150, 150)",8,3,67500,KGT_pitting_simplified
P (672).png,672,"(150, 150)",8,3,67500,KGT_pitting_simplified
P (672)_.png,672,"(150, 150)",8,3,67500,KGT_pitting_simplified
P (673).png,673,"(150, 150)",8,3,67500,KGT_pitting_simplified
P (673)_.png,673,"(150, 150)",8,3,67500,KGT_pitting_simplified
P (674).png,674,"(150, 150)",8,3,67500,KGT_pitting_simplified
P (674)_.png,674,"(150, 150)",8,3,67500,KGT_pitting_simplified
P (675).png,675,"(150, 150)",8,3,67500,KGT_pitting_simplified
P (675)_.png,675,"(150, 150)",8,3,67500,KGT_pitting_simplified
P (676).png,676,"(150, 150)",8,3,67500,KGT_pitting_simplified
P (676)_.png,676,"(150, 150)",8,3,67500,KGT_pitting_simplified
P (677).png,677,"(150, 150)",8,3,67500,KGT_pitting_simplified
P (677)_.png,677,"(150, 150)",8,3,67500,KGT_pitting_simplified
P (678).png,678,"(150, 150)",8,3,67500,KGT_pitting_simplified
P (678)_.png,678,"(150, 150)",8,3,67500,KGT_pitting_simplified
P (679).png,679,"(150, 150)",8,3,67500,KGT_pitting_simplified
P (679)_.png,679,"(150, 150)",8,3,67500,KGT_pitting_simplified
P (68).png,68,"(150, 150)",8,3,67500,KGT_pitting_simplified
P (680).png,680,"(150, 150)",8,3,67500,KGT_pitting_simplified
P (680)_.png,680,"(150, 150)",8,3,67500,KGT_pitting_simplified
P (681).png,681,"(150, 150)",8,3,67500,KGT_pitting_simplified
P (681)_.png,681,"(150, 150)",8,3,67500,KGT_pitting_simplified
P (682).png,682,"(150, 150)",8,3,67500,KGT_pitting_simplified
P (682)_.png,682,"(150, 150)",8,3,67500,KGT_pitting_simplified
P (683).png,683,"(150, 150)",8,3,67500,KGT_pitting_simplified
P (683)_.png,683,"(150, 150)",8,3,67500,KGT_pitting_simplified
P (684).png,684,"(150, 150)",8,3,67500,KGT_pitting_simplified
P (684)_.png,684,"(150, 150)",8,3,67500,KGT_pitting_simplified
P (685).png,685,"(150, 150)",8,3,67500,KGT_pitting_simplified
P (685)_.png,685,"(150, 150)",8,3,67500,KGT_pitting_simplified
P (686).png,686,"(150, 150)",8,3,67500,KGT_pitting_simplified
P (686)_.png,686,"(150, 150)",8,3,67500,KGT_pitting_simplified
P (687).png,687,"(150, 150)",8,3,67500,KGT_pitting_simplified
P (687)_.png,687,"(150, 150)",8,3,67500,KGT_pitting_simplified
P (688).png,688,"(150, 150)",8,3,67500,KGT_pitting_simplified
P (688)_.png,688,"(150, 150)",8,3,67500,KGT_pitting_simplified
P (689).png,689,"(150, 150)",8,3,67500,KGT_pitting_simplified
P (689)_.png,689,"(150, 150)",8,3,67500,KGT_pitting_simplified
P (69).png,69,"(150, 150)",8,3,67500,KGT_pitting_simplified
P (690).png,690,"(150, 150)",8,3,67500,KGT_pitting_simplified
P (690)_.png,690,"(150, 150)",8,3,67500,KGT_pitting_simplified
P (691).png,691,"(150, 150)",8,3,67500,KGT_pitting_simplified
P (691)_.png,691,"(150, 150)",8,3,67500,KGT_pitting_simplified
P (7).png,7,"(150, 150)",8,3,67500,KGT_pitting_simplified
P (70).png,70,"(150, 150)",8,3,67500,KGT_pitting_simplified
P (71).png,71,"(150, 150)",8,3,67500,KGT_pitting_simplified
P (72).png,72,"(150, 150)",8,3,67500,KGT_pitting_simplified
P (73).png,73,"(150, 150)",8,3,67500,KGT_pitting_simplified
P (74).png,74,"(150, 150)",8,3,67500,KGT_pitting_simplified
P (75).png,75,"(150, 150)",8,3,67500,KGT_pitting_simplified
P (76).png,76,"(150, 150)",8,3,67500,KGT_pitting_simplified
P (77).png,77,"(150, 150)",8,3,67500,KGT_pitting_simplified
P (78).png,78,"(150, 150)",8,3,67500,KGT_pitting_simplified
P (79).png,79,"(150, 150)",8,3,67500,KGT_pitting_simplified
P (8).png,8,"(150, 150)",8,3,67500,KGT_pitting_simplified
P (80).png,80,"(150, 150)",8,3,67500,KGT_pitting_simplified
P (81).png,81,"(150, 150)",8,3,67500,KGT_pitting_simplified
P (82).png,82,"(150, 150)",8,3,67500,KGT_pitting_simplified
P (83).png,83,"(150, 150)",8,3,67500,KGT_pitting_simplified
P (84).png,84,"(150, 150)",8,3,67500,KGT_pitting_simplified
P (85).png,85,"(150, 150)",8,3,67500,KGT_pitting_simplified
P (86).png,86,"(150, 150)",8,3,67500,KGT_pitting_simplified
P (87).png,87,"(150, 150)",8,3,67500,KGT_pitting_simplified
P (88).png,88,"(150, 150)",8,3,67500,KGT_pitting_simplified
P (89).png,89,"(150, 150)",8,3,67500,KGT_pitting_simplified
P (9).png,9,"(150, 150)",8,3,67500,KGT_pitting_simplified
P (90).png,90,"(150, 150)",8,3,67500,KGT_pitting_simplified
P (91).png,91,"(150, 150)",8,3,67500,KGT_pitting_simplified
P (92).png,92,"(150, 150)",8,3,67500,KGT_pitting_simplified
P (93).png,93,"(150, 150)",8,3,67500,KGT_pitting_simplified
P (94).png,94,"(150, 150)",8,3,67500,KGT_pitting_simplified
P (95).png,95,"(150, 150)",8,3,67500,KGT_pitting_simplified
P (96).png,96,"(150, 150)",8,3,67500,KGT_pitting_simplified
P (97).png,97,"(150, 150)",8,3,67500,KGT_pitting_simplified
P (98).png,98,"(150, 150)",8,3,67500,KGT_pitting_simplified
P (99).png,99,"(150, 150)",8,3,67500,KGT_pitting_simplified
